ANIO,SINIESTROS,LESIONADOS,FALLECIDOS,ENTE_DE_CONTROL,LATITUD_Y,LONGITUD_X,DPA_1,PROVINCIA,DPA_2,CANTON,DPA_3,PARROQUIA,DIRECCION,ZONA_PLANIFICACION,ZONA,ID_DE_LA_VIA,NOMBRE_DE_LA_VIA,UBICACION_DE_LA_VIA,JERARQUIA_DE_LA_VIA,FECHA,HORA,PERIODO_1,PERIODO_2,DIA_1,DIA_2,MES_1,MES_2,FERIADO,CODIGO_CAUSA,CAUSA_PROBABLE,TIPO_DE_SINIESTRO,TIPO_DE_VEHICULO_1,SERVICIO_1,AUTOMOVIL,BICICLETA,BUS,CAMION,CAMIONETA,EMERGENCIAS,ESPECIAL,FURGONETA,MOTOCICLETA,NO_IDENTIFICADO,SCOOTER_ELECTRICO,TRICIMOTO,VEHICULO_DEPORTIVO_UTILITARIO,SUMA_DE_VEHICULOS,TIPO_ID_1,EDAD_1,SEXO_1,CONDICION_1,PARTICIPANTE_1,CASCO_1,CINTURON_1
2023,DMQ00066012023,1,0,DMQ,-0.183873,-78.478916,17,PICHINCHA,1701,QUITO,170150,QUITO,6 DE DICIEMBRE Y IRLANDA,ZONA 9,URBANA,ND,ND,ND,ND,3/1/2023,12:45:00,DE 12H00 A 12H59,12,martes,2,ENERO,1,NO,C26,NO CEDER EL DERECHO DE VÍA O PREFERENCIA DE PASO AL PEATÓN.,ATROPELLOS,NO IDENTIFICADO,PARTICULAR,0,0,0,0,0,0,0,0,0,1,0,0,0,1,CÉDULA,15,MUJER,LESIONADO,PEATÓN,NO,NO
2023,DMQ00073012023,1,0,DMQ,-0.273699,-78.552273,17,PICHINCHA,1701,QUITO,170150,QUITO,MARISCAL SUCRE Y TALABERA,ZONA 9,URBANA,ND,ND,ND,ND,3/1/2023,18:05:00,DE 18H00 A 18H59,18,martes,2,ENERO,1,NO,C09,CONDUCIR VEHÍCULO SUPERANDO LOS LÍMITES MÁXIMOS DE VELOCIDAD.,CHOQUE LATERAL,MOTOCICLETA,PARTICULAR,0,0,0,0,0,0,0,1,1,0,0,0,0,2,PASAPORTE,5,MUJER,LESIONADO,PASAJERO,SI,NO
2023,DMQ00075012023,0,0,DMQ,-0.185214,-78.498855,17,PICHINCHA,1701,QUITO,170150,QUITO,MARIANA DE JESUS Y MARTIN DE UTRERAS,ZONA 9,URBANA,ND,ND,ND,ND,3/1/2023,21:19:00,DE 21H00 A 21H59,21,martes,2,ENERO,1,NO,C12,NO GUARDAR LA DISTANCIA LATERAL MÍNIMA DE SEGURIDAD ENTRE VEHÍCULOS.,CHOQUE POSTERIOR,AUTOMÓVIL,PARTICULAR,2,0,0,0,0,0,0,0,0,0,0,0,0,2,LICENCIA,26,HOMBRE,ILESO,CONDUCTOR,NO,NO
2023,DMQ00082012023,1,0,DMQ,-0.189692,-78.497374,17,PICHINCHA,1701,QUITO,170150,QUITO,CUERO Y CAICEDO Y AMERICA,ZONA 9,URBANA,ND,ND,ND,ND,4/1/2023,10:45:00,DE 10H00 A 10H59,10,miércoles,3,ENERO,1,NO,C16,NO TRANSITAR POR LAS ACERAS O ZONAS DE SEGURIDAD DESTINADAS PARA EL EFECTO.,ATROPELLOS,AUTOMÓVIL,PARTICULAR,1,0,0,0,0,0,0,0,0,0,0,0,0,1,CÉDULA,61,MUJER,LESIONADO,PEATÓN,NO,NO
2023,DMQ00086012023,0,0,DMQ,-0.109446,-78.458695,17,PICHINCHA,1701,QUITO,170155,CALDERON (CARAPUNGO),PANAMERICANA NORTE Y SIMON BOLIVAR,ZONA 9,RURAL,58,ENTRADA A CARAPUNGO - CALDERON,E28B,COLECTORA,4/1/2023,14:55:00,DE 14H00 A 14H59,14,miércoles,3,ENERO,1,NO,C23,"NO RESPETAR LAS SEÑALES REGLAMENTARIAS DE TRÁNSITO. (PARE, CEDA EL PASO, LUZ ROJA DEL SEMAFORO, ETC).",ESTRELLAMIENTOS,AUTOMÓVIL,PARTICULAR,1,0,0,0,0,0,0,0,0,0,0,0,0,1,LICENCIA,25,HOMBRE,ILESO,CONDUCTOR,NO,NO
2023,DMQ00098012023,2,0,DMQ,-0.283753,-78.560028,17,PICHINCHA,1701,QUITO,170150,QUITO,JOAQUIN RUALES Y PRUDENCIO VASCONEZ,ZONA 9,URBANA,ND,ND,ND,ND,5/1/2023,7:45:00,DE 07H00 A 07H59,7,jueves,4,ENERO,1,NO,C25,NO CEDER EL DERECHO DE VÍA O PREFERENCIA DE PASO A VEHÍCULOS.,CHOQUE LATERAL,CAMIONETA,PARTICULAR,1,0,0,0,1,0,0,0,0,0,0,0,0,2,LICENCIA,26,HOMBRE,LESIONADO,CONDUCTOR,NO,NO
2023,DMQ00100012023,1,0,DMQ,-0.123909,-78.485895,17,PICHINCHA,1701,QUITO,170150,QUITO,DEL MAESTRO Y REAL AUDIENCIA,ZONA 9,URBANA,ND,ND,ND,ND,5/1/2023,8:45:00,DE 08H00 A 08H59,8,jueves,4,ENERO,1,NO,C25,NO CEDER EL DERECHO DE VÍA O PREFERENCIA DE PASO A VEHÍCULOS.,CHOQUE LATERAL,AUTOMÓVIL,PARTICULAR,2,0,0,0,0,0,0,0,0,0,0,0,0,2,LICENCIA,36,MUJER,LESIONADO,CONDUCTOR,NO,NO
2023,DMQ00104012023,0,0,DMQ,-0.280699,-78.557903,17,PICHINCHA,1701,QUITO,170150,QUITO,MATILDE ALVAREZ Y JOAQUIN RUALES,ZONA 9,URBANA,ND,ND,ND,ND,5/1/2023,16:20:00,DE 16H00 A 16H59,16,jueves,4,ENERO,1,NO,C25,NO CEDER EL DERECHO DE VÍA O PREFERENCIA DE PASO A VEHÍCULOS.,CHOQUE LATERAL,CAMIONETA,PARTICULAR,0,0,0,0,1,0,0,0,0,1,0,0,0,2,LICENCIA,38,HOMBRE,ILESO,CONDUCTOR,NO,NO
2023,DMQ00105012023,1,0,DMQ,-0.177361,-78.485814,17,PICHINCHA,1701,QUITO,170150,QUITO,AMAZONAS Y COREA,ZONA 9,URBANA,ND,ND,ND,ND,5/1/2023,16:50:00,DE 16H00 A 16H59,16,jueves,4,ENERO,1,NO,C16,NO TRANSITAR POR LAS ACERAS O ZONAS DE SEGURIDAD DESTINADAS PARA EL EFECTO.,ATROPELLOS,SCOOTER ELÉCTRICO,PARTICULAR,0,0,0,0,0,0,0,0,0,0,1,0,0,1,CÉDULA,27,MUJER,LESIONADO,PEATÓN,NO,NO
2023,DMQ00116012023,1,0,DMQ,-0.111378,-78.459444,17,PICHINCHA,1701,QUITO,170155,CALDERON (CARAPUNGO),N69H Y E14A,ZONA 9,RURAL,ND,ND,ND,ND,6/1/2023,15:45:00,DE 15H00 A 15H59,15,viernes,5,ENERO,1,NO,C23,"NO RESPETAR LAS SEÑALES REGLAMENTARIAS DE TRÁNSITO. (PARE, CEDA EL PASO, LUZ ROJA DEL SEMAFORO, ETC).",CHOQUE LATERAL,CAMIONETA,PARTICULAR,1,0,0,0,1,0,0,0,0,0,0,0,0,2,CÉDULA,17,MUJER,LESIONADO,PASAJERO,NO,NO
2023,DMQ00117012023,1,0,DMQ,-0.313894,-78.553377,17,PICHINCHA,1701,QUITO,170150,QUITO,QUITUMBE ÑAN Y S47D,ZONA 9,URBANA,ND,ND,ND,ND,6/1/2023,16:15:00,DE 16H00 A 16H59,16,viernes,5,ENERO,1,NO,C06,"CONDUCE BAJO LA INFLUENCIA DE ALCOHOL, SUSTANCIAS ESTUPEFACIENTES O PSICOTRÓPICAS Y/O MEDICAMENTOS.",ATROPELLOS,CAMIONETA,PARTICULAR,0,0,0,0,1,0,0,0,0,0,0,0,0,1,CÉDULA,61,HOMBRE,LESIONADO,PEATÓN,NO,NO
2023,DMQ00122012023,1,0,DMQ,-0.304121,-78.494117,17,PICHINCHA,1701,QUITO,170156,CONOCOTO,LEONIDAS PLAZA Y MANUEL DE JESUS MARTINEZ,ZONA 9,RURAL,ND,ND,ND,ND,6/1/2023,20:10:00,DE 20H00 A 20H59,20,viernes,5,ENERO,1,NO,C06,"CONDUCE BAJO LA INFLUENCIA DE ALCOHOL, SUSTANCIAS ESTUPEFACIENTES O PSICOTRÓPICAS Y/O MEDICAMENTOS.",ATROPELLOS,CAMIONETA,PARTICULAR,0,0,0,0,1,0,0,0,0,0,0,0,0,1,CÉDULA,63,MUJER,LESIONADO,PEATÓN,NO,NO
2023,PNE00035012023,0,1,PNE,-0.239971,-78.335244,17,PICHINCHA,1701,QUITO,170175,PIFO,E35  Sur  Km.  244    -  RETORNO  A  PALUGO  SENTIDO  NORTE  -SUR,ZONA 9,RURAL,ND,ND,ND,ND,6/1/2023,21:00:00,DE 21H00 A 21H59,21,viernes,5,ENERO,1,NO,C09,CONDUCIR VEHÍCULO SUPERANDO LOS LÍMITES MÁXIMOS DE VELOCIDAD.,ARROLLAMIENTOS,NO IDENTIFICADO,PARTICULAR,0,0,0,0,0,0,0,0,0,1,0,0,0,1,NO IDENTIFICADO,25,HOMBRE,FALLECIDO,PEATÓN,NO,SI
2023,DMQ00125012023,1,0,DMQ,-0.244724,-78.476049,17,PICHINCHA,1701,QUITO,170150,QUITO,SIMON BOLIVAR Y UNIVERSIDAD INTERNACIONAL,ZONA 9,URBANA,ND,ND,ND,ND,6/1/2023,22:20:00,DE 22H00 A 22H59,22,viernes,5,ENERO,1,NO,C06,"CONDUCE BAJO LA INFLUENCIA DE ALCOHOL, SUSTANCIAS ESTUPEFACIENTES O PSICOTRÓPICAS Y/O MEDICAMENTOS.",ATROPELLOS,AUTOMÓVIL,PARTICULAR,2,0,0,0,0,0,0,0,0,0,0,0,0,2,CÉDULA,38,HOMBRE,LESIONADO,PEATÓN,NO,NO
2023,DMQ00130012023,2,0,DMQ,-0.094611,-78.482081,17,PICHINCHA,1701,QUITO,170150,QUITO,MARISCAL SUCRE Y DIEGO VASQUEZ DE CEPEDA,ZONA 9,URBANA,ND,ND,ND,ND,7/1/2023,3:00:00,DE 03H00 A 03H59,3,sábado,6,ENERO,1,NO,C23,"NO RESPETAR LAS SEÑALES REGLAMENTARIAS DE TRÁNSITO. (PARE, CEDA EL PASO, LUZ ROJA DEL SEMAFORO, ETC).",CHOQUE LATERAL,AUTOMÓVIL,PARTICULAR,2,0,0,0,0,0,0,0,0,0,0,0,0,2,LICENCIA,36,HOMBRE,LESIONADO,CONDUCTOR,NO,NO
2023,DMQ00133012023,0,0,DMQ,-0.165785,-78.452747,17,PICHINCHA,1701,QUITO,170150,QUITO,SIMON BOLIVAR Y INGRESO A CAMPOSANTO,ZONA 9,URBANA,ND,ND,ND,ND,7/1/2023,4:45:00,DE 04H00 A 04H59,4,sábado,6,ENERO,1,NO,C09,CONDUCIR VEHÍCULO SUPERANDO LOS LÍMITES MÁXIMOS DE VELOCIDAD.,ESTRELLAMIENTOS,AUTOMÓVIL,PARTICULAR,1,0,0,0,0,0,0,0,0,0,0,0,0,1,CÉDULA,18,MUJER,ILESO,PASAJERO,NO,NO
2023,DMQ00142012023,1,0,DMQ,-0.293743,-78.569629,17,PICHINCHA,1701,QUITO,170150,QUITO,OE12 Y JORGE SALVADOR LARA,ZONA 9,URBANA,ND,ND,ND,ND,7/1/2023,18:55:00,DE 18H00 A 18H59,18,sábado,6,ENERO,1,NO,C26,NO CEDER EL DERECHO DE VÍA O PREFERENCIA DE PASO AL PEATÓN.,ATROPELLOS,NO IDENTIFICADO,PARTICULAR,0,0,0,0,0,0,0,0,0,1,0,0,0,1,CÉDULA,3,HOMBRE,LESIONADO,PEATÓN,NO,NO
2023,DMQ00150012023,1,0,DMQ,-0.202163,-78.497707,17,PICHINCHA,1701,QUITO,170150,QUITO,10 DE AGOSTO Y JERONIMO CARRION,ZONA 9,URBANA,ND,ND,ND,ND,7/1/2023,23:40:00,DE 23H00 A 23H59,23,sábado,6,ENERO,1,NO,C23,"NO RESPETAR LAS SEÑALES REGLAMENTARIAS DE TRÁNSITO. (PARE, CEDA EL PASO, LUZ ROJA DEL SEMAFORO, ETC).",CHOQUE LATERAL,AUTOMÓVIL,PARTICULAR,2,0,0,0,0,0,0,0,0,0,0,0,0,2,CÉDULA,32,MUJER,LESIONADO,PASAJERO,NO,NO
2023,DMQ00156012023,0,0,DMQ,-0.233391,-78.508778,17,PICHINCHA,1701,QUITO,170150,QUITO,VELASCO IBARRA Y SENA,ZONA 9,URBANA,ND,ND,ND,ND,8/1/2023,3:40:00,DE 03H00 A 03H59,3,domingo,7,ENERO,1,NO,C25,NO CEDER EL DERECHO DE VÍA O PREFERENCIA DE PASO A VEHÍCULOS.,CHOQUE LATERAL,AUTOMÓVIL,PARTICULAR,2,0,0,0,0,0,0,0,0,0,0,0,0,2,NO IDENTIFICADO,-1,NO IDENTIFICADO,NO IDENTIFICADO,CONDUCTOR,NO,NO
2023,DMQ00157012023,2,0,DMQ,-0.133853,-78.493833,17,PICHINCHA,1701,QUITO,170150,QUITO,PRENSA Y FERNANDEZ SALVADOR,ZONA 9,URBANA,ND,ND,ND,ND,8/1/2023,4:30:00,DE 04H00 A 04H59,4,domingo,7,ENERO,1,NO,C23,"NO RESPETAR LAS SEÑALES REGLAMENTARIAS DE TRÁNSITO. (PARE, CEDA EL PASO, LUZ ROJA DEL SEMAFORO, ETC).",CHOQUE LATERAL,AUTOMÓVIL,PARTICULAR,2,0,0,0,0,0,0,0,0,0,0,0,0,2,NO IDENTIFICADO,21,HOMBRE,LESIONADO,PASAJERO,NO,NO
2023,DMQ00162012023,0,0,DMQ,-0.167895,-78.479368,17,PICHINCHA,1701,QUITO,170150,QUITO,SHYRIS Y ISLA PINZON,ZONA 9,URBANA,ND,ND,ND,ND,8/1/2023,12:35:00,DE 12H00 A 12H59,12,domingo,7,ENERO,1,NO,C11,NO MANTENER LA DISTANCIA PRUDENCIAL CON RESPECTO AL VEHÍCULO QUE LE ANTECEDE.,CHOQUE POSTERIOR,AUTOMÓVIL,PARTICULAR,2,0,0,0,0,0,0,0,0,0,0,0,0,2,LICENCIA,32,HOMBRE,ILESO,CONDUCTOR,NO,NO
2023,CTE00145012023,5,0,CTE,-0.446782,-78.664274,17,PICHINCHA,1703,MEJIA,170351,ALOAG,RED. ESTATAL E-20 KM29,ZONA 2,RURAL,331,ALOAG (OBELISCO) - TANDAPI,E20,ARTERIAL,8/1/2023,14:45:00,DE 14H00 A 14H59,14,domingo,7,ENERO,1,NO,C23,"NO RESPETAR LAS SEÑALES REGLAMENTARIAS DE TRÁNSITO. (PARE, CEDA EL PASO, LUZ ROJA DEL SEMAFORO, ETC).",CHOQUE LATERAL,VEHÍCULO DEPORTIVO UTILITARIO,PARTICULAR,1,0,0,0,0,0,0,0,0,0,0,0,1,2,LICENCIA,-1,HOMBRE,LESIONADO,CONDUCTOR,NO,NO
2023,DMQ00168012023,1,0,DMQ,-0.250357,-78.537532,17,PICHINCHA,1701,QUITO,170150,QUITO,MARISCAL SUCRE Y PEDRO CAPIRO,ZONA 9,URBANA,ND,ND,ND,ND,8/1/2023,15:35:00,DE 15H00 A 15H59,15,domingo,7,ENERO,1,NO,C26,NO CEDER EL DERECHO DE VÍA O PREFERENCIA DE PASO AL PEATÓN.,ATROPELLOS,NO IDENTIFICADO,PARTICULAR,0,0,0,0,0,0,0,0,0,1,0,0,0,1,CÉDULA,69,MUJER,LESIONADO,PEATÓN,NO,NO
2023,DMQ00171012023,0,0,DMQ,-0.085425,-78.418426,17,PICHINCHA,1701,QUITO,170155,CALDERON (CARAPUNGO),JORGE CABEZAS Y MARIA GODOY,ZONA 9,RURAL,ND,ND,ND,ND,8/1/2023,18:40:00,DE 18H00 A 18H59,18,domingo,7,ENERO,1,NO,C25,NO CEDER EL DERECHO DE VÍA O PREFERENCIA DE PASO A VEHÍCULOS.,CHOQUE LATERAL,FURGONETA,PARTICULAR,1,0,0,0,0,0,0,1,0,0,0,0,0,2,LICENCIA,30,HOMBRE,ILESO,CONDUCTOR,NO,NO
2023,DMQ00172012023,2,0,DMQ,-0.310454,-78.558751,17,PICHINCHA,1701,QUITO,170150,QUITO,MARISCAL SUCRE Y S46,ZONA 9,URBANA,ND,ND,ND,ND,8/1/2023,19:30:00,DE 19H00 A 19H59,19,domingo,7,ENERO,1,NO,C23,"NO RESPETAR LAS SEÑALES REGLAMENTARIAS DE TRÁNSITO. (PARE, CEDA EL PASO, LUZ ROJA DEL SEMAFORO, ETC).",CHOQUE FRONTAL,AUTOMÓVIL,PARTICULAR,2,0,0,0,0,0,0,0,0,0,0,0,0,2,LICENCIA,31,HOMBRE,LESIONADO,CONDUCTOR,NO,NO
2023,DMQ00180012023,0,0,DMQ,-0.302658,-78.556541,17,PICHINCHA,1701,QUITO,170150,QUITO,RUMICHACA ÑAN Y S41,ZONA 9,URBANA,ND,ND,ND,ND,9/1/2023,8:50:00,DE 08H00 A 08H59,8,lunes,1,ENERO,1,NO,C25,NO CEDER EL DERECHO DE VÍA O PREFERENCIA DE PASO A VEHÍCULOS.,CHOQUE LATERAL,AUTOMÓVIL,PARTICULAR,2,0,0,0,0,0,0,0,0,0,0,0,0,2,LICENCIA,19,HOMBRE,ILESO,CONDUCTOR,NO,NO
2023,DMQ00183012023,2,0,DMQ,-0.094826,-78.477528,17,PICHINCHA,1701,QUITO,170150,QUITO,JUAN BARREZUETA Y JOAQUIN MANCHENO,ZONA 9,URBANA,ND,ND,ND,ND,9/1/2023,13:15:00,DE 13H00 A 13H59,13,lunes,1,ENERO,1,NO,C10,"CONDICIONES AMBIENTALES Y/O ATMOSFÉRICAS (NIEBLA, NEBLINA, GRANIZO, LLUVIA).",CHOQUE LATERAL,MOTOCICLETA,PARTICULAR,1,0,0,0,0,0,0,0,1,0,0,0,0,2,CÉDULA,32,HOMBRE,LESIONADO,PASAJERO,SI,NO
2023,DMQ00184012023,1,0,DMQ,-0.109746,-78.458528,17,PICHINCHA,1701,QUITO,170155,CALDERON (CARAPUNGO),SIMON BOLIVAR Y PANAMERICANA NORTE,ZONA 9,RURAL,ND,ND,ND,ND,9/1/2023,13:35:00,DE 13H00 A 13H59,13,lunes,1,ENERO,1,NO,C10,"CONDICIONES AMBIENTALES Y/O ATMOSFÉRICAS (NIEBLA, NEBLINA, GRANIZO, LLUVIA).",CHOQUE LATERAL,BICICLETA,PARTICULAR,0,1,0,0,0,0,0,0,1,0,0,0,0,2,LICENCIA,22,MUJER,LESIONADO,CONDUCTOR,NO,NO
2023,DMQ00188012023,0,0,DMQ,-0.214999,-78.455202,17,PICHINCHA,1701,QUITO,170157,CUMBAYA,RUTA VIVA Y KILOMETRO 2,ZONA 9,RURAL,ND,ND,ND,ND,9/1/2023,17:30:00,DE 17H00 A 17H59,17,lunes,1,ENERO,1,NO,C10,"CONDICIONES AMBIENTALES Y/O ATMOSFÉRICAS (NIEBLA, NEBLINA, GRANIZO, LLUVIA).",ESTRELLAMIENTOS,AUTOMÓVIL,PARTICULAR,1,0,0,0,0,0,0,0,0,0,0,0,0,1,LICENCIA,45,HOMBRE,ILESO,CONDUCTOR,NO,NO
2023,DMQ00189012023,0,0,DMQ,-0.215622,-78.455839,17,PICHINCHA,1701,QUITO,170157,CUMBAYA,RUTA VIVA Y ENTRADA A YANAZARAPATA,ZONA 9,RURAL,ND,ND,ND,ND,9/1/2023,18:12:00,DE 18H00 A 18H59,18,lunes,1,ENERO,1,NO,C10,"CONDICIONES AMBIENTALES Y/O ATMOSFÉRICAS (NIEBLA, NEBLINA, GRANIZO, LLUVIA).",ESTRELLAMIENTOS,AUTOMÓVIL,PARTICULAR,1,0,0,0,0,0,0,0,0,0,0,0,0,1,LICENCIA,49,HOMBRE,ILESO,CONDUCTOR,NO,NO
2023,DMQ00194012023,0,0,DMQ,-0.206319,-78.501896,17,PICHINCHA,1701,QUITO,170150,QUITO,VERSALLES Y ASUNCION,ZONA 9,URBANA,ND,ND,ND,ND,9/1/2023,21:40:00,DE 21H00 A 21H59,21,lunes,1,ENERO,1,NO,C10,"CONDICIONES AMBIENTALES Y/O ATMOSFÉRICAS (NIEBLA, NEBLINA, GRANIZO, LLUVIA).",CHOQUE LATERAL,AUTOMÓVIL,PARTICULAR,2,0,0,0,0,0,0,0,0,0,0,0,0,2,LICENCIA,22,HOMBRE,ILESO,CONDUCTOR,NO,NO
2023,DMQ00197012023,1,0,DMQ,-0.193433,-78.482987,17,PICHINCHA,1701,QUITO,170150,QUITO,DIEGO DE ALMAGRO Y WHYMPER,ZONA 9,URBANA,ND,ND,ND,ND,10/1/2023,9:40:00,DE 09H00 A 09H59,9,martes,2,ENERO,1,NO,C16,NO TRANSITAR POR LAS ACERAS O ZONAS DE SEGURIDAD DESTINADAS PARA EL EFECTO.,ARROLLAMIENTOS,AUTOMÓVIL,PARTICULAR,1,0,0,0,0,0,0,0,0,0,0,0,0,1,PASAPORTE,32,HOMBRE,LESIONADO,PEATÓN,NO,NO
2023,DMQ00204012023,2,0,DMQ,-0.286409,-78.556213,17,PICHINCHA,1701,QUITO,170150,QUITO,MARISCAL SUCRE Y DIEGO VASQUEZ,ZONA 9,URBANA,ND,ND,ND,ND,10/1/2023,17:20:00,DE 17H00 A 17H59,17,martes,2,ENERO,1,NO,C16,NO TRANSITAR POR LAS ACERAS O ZONAS DE SEGURIDAD DESTINADAS PARA EL EFECTO.,ATROPELLOS,MOTOCICLETA,PARTICULAR,0,0,0,0,0,0,0,0,1,0,0,0,0,1,LICENCIA,22,HOMBRE,LESIONADO,CONDUCTOR,SI,NO
2023,DMQ00205012023,0,0,DMQ,-0.218017,-78.431799,17,PICHINCHA,1701,QUITO,170157,CUMBAYA,RUTA VIVA Y NAPOLES,ZONA 9,RURAL,ND,ND,ND,ND,10/1/2023,17:20:00,DE 17H00 A 17H59,17,martes,2,ENERO,1,NO,C06,"CONDUCE BAJO LA INFLUENCIA DE ALCOHOL, SUSTANCIAS ESTUPEFACIENTES O PSICOTRÓPICAS Y/O MEDICAMENTOS.",CHOQUE LATERAL,AUTOMÓVIL,PARTICULAR,2,0,0,0,0,0,0,0,0,0,0,0,0,2,LICENCIA,28,HOMBRE,ILESO,CONDUCTOR,NO,NO
2023,DMQ00206012023,0,0,DMQ,-0.073279,-78.469468,17,PICHINCHA,1701,QUITO,170177,POMASQUI,DE LOS NARCISOS Y MANUEL CORDOVA GALARZA,ZONA 9,RURAL,ND,ND,ND,ND,10/1/2023,19:20:00,DE 19H00 A 19H59,19,martes,2,ENERO,1,NO,C10,"CONDICIONES AMBIENTALES Y/O ATMOSFÉRICAS (NIEBLA, NEBLINA, GRANIZO, LLUVIA).",ESTRELLAMIENTOS,AUTOMÓVIL,PARTICULAR,1,0,0,0,0,0,0,0,0,0,0,0,0,1,LICENCIA,47,HOMBRE,ILESO,CONDUCTOR,NO,NO
2023,DMQ00208012023,1,0,DMQ,-0.286871,-78.489169,17,PICHINCHA,1701,QUITO,170156,CONOCOTO,CAMILO PONCE ENRIQUEZ Y HUAYNA CAPAC,ZONA 9,RURAL,ND,ND,ND,ND,10/1/2023,19:53:00,DE 19H00 A 19H59,19,martes,2,ENERO,1,NO,C10,"CONDICIONES AMBIENTALES Y/O ATMOSFÉRICAS (NIEBLA, NEBLINA, GRANIZO, LLUVIA).",CHOQUE FRONTAL,NO IDENTIFICADO,PARTICULAR,0,0,0,0,0,0,0,0,0,2,0,0,0,2,LICENCIA,27,HOMBRE,LESIONADO,CONDUCTOR,NO,NO
2023,DMQ00223012023,1,0,DMQ,-0.202898,-78.482964,17,PICHINCHA,1701,QUITO,170150,QUITO,CORUÑA Y 12 DE OCTUBRE,ZONA 9,URBANA,ND,ND,ND,ND,11/1/2023,18:50:00,DE 18H00 A 18H59,18,miércoles,3,ENERO,1,NO,C26,NO CEDER EL DERECHO DE VÍA O PREFERENCIA DE PASO AL PEATÓN.,ATROPELLOS,NO IDENTIFICADO,PARTICULAR,0,0,0,0,0,0,0,0,0,1,0,0,0,1,CÉDULA,41,MUJER,LESIONADO,PEATÓN,NO,NO
2023,DMQ00230012023,1,0,DMQ,-0.302988,-78.476481,17,PICHINCHA,1701,QUITO,170156,CONOCOTO,JUAN MONTALVO Y LUIS HERNANDEZ,ZONA 9,RURAL,ND,ND,ND,ND,12/1/2023,7:00:00,DE 07H00 A 07H59,7,jueves,4,ENERO,1,NO,C16,NO TRANSITAR POR LAS ACERAS O ZONAS DE SEGURIDAD DESTINADAS PARA EL EFECTO.,ATROPELLOS,AUTOMÓVIL,PARTICULAR,1,0,0,0,0,0,0,0,0,0,0,0,0,1,CÉDULA,77,HOMBRE,LESIONADO,PEATÓN,NO,NO
2023,DMQ00239012023,1,0,DMQ,-0.115627,-78.491811,17,PICHINCHA,1701,QUITO,170150,QUITO,BELLAVISTA Y DOMINGO SEGURA,ZONA 9,URBANA,ND,ND,ND,ND,12/1/2023,12:20:00,DE 12H00 A 12H59,12,jueves,4,ENERO,1,NO,C26,NO CEDER EL DERECHO DE VÍA O PREFERENCIA DE PASO AL PEATÓN.,ATROPELLOS,CAMIONETA,PARTICULAR,0,0,0,0,1,0,0,0,0,0,0,0,0,1,CÉDULA,54,MUJER,LESIONADO,PEATÓN,NO,NO
2023,DMQ00247012023,1,0,DMQ,-0.161677,-78.490085,17,PICHINCHA,1701,QUITO,170150,QUITO,BRASIL Y JUAN GALARZA,ZONA 9,URBANA,ND,ND,ND,ND,12/1/2023,18:45:00,DE 18H00 A 18H59,18,jueves,4,ENERO,1,NO,C10,"CONDICIONES AMBIENTALES Y/O ATMOSFÉRICAS (NIEBLA, NEBLINA, GRANIZO, LLUVIA).",CHOQUE POSTERIOR,MOTOCICLETA,PARTICULAR,0,0,0,0,0,0,0,0,1,1,0,0,0,2,CÉDULA,34,HOMBRE,LESIONADO,PASAJERO,SI,NO
2023,DMQ00250012023,0,0,DMQ,-0.135408,-78.358398,17,PICHINCHA,1701,QUITO,170183,TABABELA,CONECTOR ALPACHACA Y VIA COLLAS,ZONA 9,RURAL,ND,ND,ND,ND,12/1/2023,21:00:00,DE 21H00 A 21H59,21,jueves,4,ENERO,1,NO,C06,"CONDUCE BAJO LA INFLUENCIA DE ALCOHOL, SUSTANCIAS ESTUPEFACIENTES O PSICOTRÓPICAS Y/O MEDICAMENTOS.",CHOQUE POSTERIOR,CAMIONETA,PARTICULAR,1,0,0,0,1,0,0,0,0,0,0,0,0,2,LICENCIA,31,HOMBRE,ILESO,CONDUCTOR,NO,NO
2023,DMQ00251012023,1,0,DMQ,-0.215861,-78.379851,17,PICHINCHA,1701,QUITO,170184,TUMBACO,RUTA VIVA Y UNIVERSITARIA,ZONA 9,RURAL,ND,ND,ND,ND,12/1/2023,21:05:00,DE 21H00 A 21H59,21,jueves,4,ENERO,1,NO,C10,"CONDICIONES AMBIENTALES Y/O ATMOSFÉRICAS (NIEBLA, NEBLINA, GRANIZO, LLUVIA).",CHOQUE LATERAL,MOTOCICLETA,PARTICULAR,1,0,0,0,0,0,0,0,1,0,0,0,0,2,LICENCIA,25,HOMBRE,LESIONADO,CONDUCTOR,SI,NO
2023,DMQ00252012023,0,0,DMQ,-0.203271,-78.459831,17,PICHINCHA,1701,QUITO,170150,QUITO,RUTA VIVA Y SIMON BOLIVAR,ZONA 9,URBANA,ND,ND,ND,ND,12/1/2023,21:47:00,DE 21H00 A 21H59,21,jueves,4,ENERO,1,NO,C10,"CONDICIONES AMBIENTALES Y/O ATMOSFÉRICAS (NIEBLA, NEBLINA, GRANIZO, LLUVIA).",CHOQUE POSTERIOR,AUTOMÓVIL,PARTICULAR,2,0,0,0,0,0,0,0,0,0,0,0,0,2,LICENCIA,49,HOMBRE,ILESO,CONDUCTOR,NO,NO