ANIO,SINIESTROS,LESIONADOS,FALLECIDOS,ENTE_DE_CONTROL,LATITUD_Y,LONGITUD_X,DPA_1,PROVINCIA,DPA_2,CANTON,DPA_3,PARROQUIA,DIRECCION,ZONA_PLANIFICACION,ZONA,ID_DE_LA_VIA,NOMBRE_DE_LA_VIA,UBICACION_DE_LA_VIA,JERARQUIA_DE_LA_VIA,FECHA,HORA,PERIODO_1,PERIODO_2,DIA_1,DIA_2,MES_1,MES_2,FERIADO,CODIGO_CAUSA,CAUSA_PROBABLE,TIPO_DE_SINIESTRO,TIPO_DE_VEHICULO_1,SERVICIO_1,AUTOMOVIL,BICICLETA,BUS,CAMION,CAMIONETA,EMERGENCIAS,ESPECIAL,FURGONETA,MOTOCICLETA,NO_IDENTIFICADO,SCOOTER_ELECTRICO,TRICIMOTO,VEHICULO_DEPORTIVO_UTILITARIO,SUMA_DE_VEHICULOS,TIPO_ID_1,EDAD_1,SEXO_1,CONDICION_1,PARTICIPANTE_1,CASCO_1,CINTURON_1
2023,PNE00147012023,0,1,PNE,-0.578668,-78.602397,17,PICHINCHA,1703,MEJIA,170352,ALOASI,"PANAMERICANA  SUR,  KM  307  +  700  M  -  SENTIDO  LATACUNGA  MACHACHI",ZONA 2,RURAL,68,ALOAG (OBELISCO) - PUENTE JAMBELI,E35,ARTERIAL,26/01/2023,4:40:00,DE 04H00 A 04H59,4,jueves,4,ENERO,1,NO,C16,NO TRANSITAR POR LAS ACERAS O ZONAS DE SEGURIDAD DESTINADAS PARA EL EFECTO.,ATROPELLOS,NO IDENTIFICADO,PARTICULAR,0,0,0,0,0,0,0,0,0,1,0,0,0,1,NO IDENTIFICADO,-1,HOMBRE,FALLECIDO,PEATÓN,NO,SI
2023,DMQ00526012023,0,1,DMQ,-0.243698,-78.540417,17,PICHINCHA,1701,QUITO,170150,QUITO,CHILIBULO Y ENRIQUE GARCES,ZONA 9,URBANA,ND,ND,ND,ND,26/01/2023,6:45:00,DE 06H00 A 06H59,6,jueves,4,ENERO,1,NO,C16,NO TRANSITAR POR LAS ACERAS O ZONAS DE SEGURIDAD DESTINADAS PARA EL EFECTO.,ATROPELLOS,AUTOMÓVIL,PARTICULAR,1,0,0,0,0,0,0,0,0,0,0,0,0,1,CÉDULA,76,HOMBRE,FALLECIDO,PEATÓN,NO,NO
2023,DMQ00527012023,1,0,DMQ,-0.328401,-78.550339,17,PICHINCHA,1701,QUITO,170150,QUITO,YANAYACU Y MALDONADO,ZONA 9,URBANA,ND,ND,ND,ND,26/01/2023,6:50:00,DE 06H00 A 06H59,6,jueves,4,ENERO,1,NO,C26,NO CEDER EL DERECHO DE VÍA O PREFERENCIA DE PASO AL PEATÓN.,ATROPELLOS,NO IDENTIFICADO,PARTICULAR,0,0,0,0,0,0,0,0,0,1,0,0,0,1,CÉDULA,42,MUJER,LESIONADO,PEATÓN,NO,NO
2023,DMQ00530012023,0,0,DMQ,-0.203981,-78.481241,17,PICHINCHA,1701,QUITO,170150,QUITO,ISABEL LA CATOLICA Y GANGOTENA,ZONA 9,URBANA,ND,ND,ND,ND,26/01/2023,9:35:00,DE 09H00 A 09H59,9,jueves,4,ENERO,1,NO,C23,"NO RESPETAR LAS SEÑALES REGLAMENTARIAS DE TRÁNSITO. (PARE, CEDA EL PASO, LUZ ROJA DEL SEMAFORO, ETC).",CHOQUE LATERAL,MOTOCICLETA,PARTICULAR,1,0,0,0,0,0,0,0,1,0,0,0,0,2,LICENCIA,26,HOMBRE,ILESO,CONDUCTOR,NO,NO
2023,DMQ00534012023,1,0,DMQ,-0.208879,-78.522048,17,PICHINCHA,1701,QUITO,170150,QUITO,ALVARO DE CEVALLOS Y MARTIN DEL VALLE,ZONA 9,URBANA,ND,ND,ND,ND,26/01/2023,17:00:00,DE 17H00 A 17H59,17,jueves,4,ENERO,1,NO,C16,NO TRANSITAR POR LAS ACERAS O ZONAS DE SEGURIDAD DESTINADAS PARA EL EFECTO.,ATROPELLOS,CAMIONETA,PARTICULAR,0,0,0,0,1,0,0,0,0,0,0,0,0,1,CÉDULA,59,HOMBRE,LESIONADO,PEATÓN,NO,NO
2023,DMQ00538012023,1,0,DMQ,-0.133691,-78.497687,17,PICHINCHA,1701,QUITO,170150,QUITO,MACHALA Y FERNANDEZ SALVADOR,ZONA 9,URBANA,ND,ND,ND,ND,26/01/2023,20:45:00,DE 20H00 A 20H59,20,jueves,4,ENERO,1,NO,C23,"NO RESPETAR LAS SEÑALES REGLAMENTARIAS DE TRÁNSITO. (PARE, CEDA EL PASO, LUZ ROJA DEL SEMAFORO, ETC).",CHOQUE FRONTAL,MOTOCICLETA,PARTICULAR,1,0,0,0,0,0,0,0,1,0,0,0,0,2,LICENCIA,27,HOMBRE,LESIONADO,CONDUCTOR,NO,NO
2023,DMQ00539012023,4,0,DMQ,-0.185096,-78.499081,17,PICHINCHA,1701,QUITO,170150,QUITO,MARIANA DE JESUS Y DIEGO MARTIN DE UTRERAS,ZONA 9,URBANA,ND,ND,ND,ND,26/01/2023,22:00:00,DE 22H00 A 22H59,22,jueves,4,ENERO,1,NO,C06,"CONDUCE BAJO LA INFLUENCIA DE ALCOHOL, SUSTANCIAS ESTUPEFACIENTES O PSICOTRÓPICAS Y/O MEDICAMENTOS.",CHOQUE LATERAL,AUTOMÓVIL,PARTICULAR,2,0,0,0,0,0,0,0,0,0,0,0,0,2,CÉDULA,22,HOMBRE,LESIONADO,PASAJERO,NO,NO
2023,DMQ00542012023,0,0,DMQ,-0.243034,-78.514286,17,PICHINCHA,1701,QUITO,170150,QUITO,CHAMBO Y LOS ANDES,ZONA 9,URBANA,ND,ND,ND,ND,27/01/2023,8:30:00,DE 08H00 A 08H59,8,viernes,5,ENERO,1,NO,C23,"NO RESPETAR LAS SEÑALES REGLAMENTARIAS DE TRÁNSITO. (PARE, CEDA EL PASO, LUZ ROJA DEL SEMAFORO, ETC).",CHOQUE LATERAL,CAMIONETA,PARTICULAR,1,0,0,0,1,0,0,0,0,0,0,0,0,2,LICENCIA,32,HOMBRE,ILESO,CONDUCTOR,NO,NO
2023,DMQ00543012023,0,0,DMQ,-0.217963,-78.433549,17,PICHINCHA,1701,QUITO,170157,CUMBAYA,DE LAS MAGNOLIAS Y GIOVANNI BARBIERI,ZONA 9,RURAL,ND,ND,ND,ND,27/01/2023,9:05:00,DE 09H00 A 09H59,9,viernes,5,ENERO,1,NO,C25,NO CEDER EL DERECHO DE VÍA O PREFERENCIA DE PASO A VEHÍCULOS.,CHOQUE LATERAL,AUTOMÓVIL,PARTICULAR,2,0,0,0,0,0,0,0,0,0,0,0,0,2,LICENCIA,62,MUJER,ILESO,CONDUCTOR,NO,NO
2023,DMQ00550012023,0,0,DMQ,-0.196383,-78.502947,17,PICHINCHA,1701,QUITO,170150,QUITO,LA GASCA Y ALEJANDRO DE VALDEZ,ZONA 9,URBANA,ND,ND,ND,ND,27/01/2023,12:05:00,DE 12H00 A 12H59,12,viernes,5,ENERO,1,NO,C23,"NO RESPETAR LAS SEÑALES REGLAMENTARIAS DE TRÁNSITO. (PARE, CEDA EL PASO, LUZ ROJA DEL SEMAFORO, ETC).",CHOQUE LATERAL,AUTOMÓVIL,PARTICULAR,2,0,0,0,0,0,0,0,0,0,0,0,0,2,LICENCIA,33,HOMBRE,ILESO,CONDUCTOR,NO,NO
2023,DMQ00551012023,1,0,DMQ,-0.204543,-78.502256,17,PICHINCHA,1701,QUITO,170150,QUITO,AMERICA Y 18 DE SEPTIEMBRE,ZONA 9,URBANA,ND,ND,ND,ND,27/01/2023,12:50:00,DE 12H00 A 12H59,12,viernes,5,ENERO,1,NO,C16,NO TRANSITAR POR LAS ACERAS O ZONAS DE SEGURIDAD DESTINADAS PARA EL EFECTO.,ATROPELLOS,CAMIONETA,PARTICULAR,0,0,0,0,1,0,0,0,0,0,0,0,0,1,CÉDULA,81,MUJER,LESIONADO,PEATÓN,NO,NO
2023,DMQ00553012023,2,0,DMQ,-0.280921,-78.557091,17,PICHINCHA,1701,QUITO,170150,QUITO,MATILDE ALVAREZ Y CARLOS FREIRE,ZONA 9,URBANA,ND,ND,ND,ND,27/01/2023,14:20:00,DE 14H00 A 14H59,14,viernes,5,ENERO,1,NO,C26,NO CEDER EL DERECHO DE VÍA O PREFERENCIA DE PASO AL PEATÓN.,ATROPELLOS,MOTOCICLETA,PARTICULAR,0,0,0,0,0,0,0,0,1,0,0,0,0,1,CÉDULA,51,MUJER,LESIONADO,PEATÓN,NO,NO
2023,DMQ00557012023,1,0,DMQ,-0.307971,-78.559391,17,PICHINCHA,1701,QUITO,170150,QUITO,LA ECUATORIANA Y MARISCAL SUCRE,ZONA 9,URBANA,ND,ND,ND,ND,27/01/2023,17:55:00,DE 17H00 A 17H59,17,viernes,5,ENERO,1,NO,C06,"CONDUCE BAJO LA INFLUENCIA DE ALCOHOL, SUSTANCIAS ESTUPEFACIENTES O PSICOTRÓPICAS Y/O MEDICAMENTOS.",CHOQUE FRONTAL,CAMIONETA,PARTICULAR,1,0,0,0,1,0,0,0,0,0,0,0,0,2,CÉDULA,13,HOMBRE,LESIONADO,PASAJERO,NO,NO
2023,DMQ00562012023,0,0,DMQ,-0.300051,-78.547424,17,PICHINCHA,1701,QUITO,170150,QUITO,LLIRA ÑAN Y NUSTA,ZONA 9,URBANA,ND,ND,ND,ND,27/01/2023,19:30:00,DE 19H00 A 19H59,19,viernes,5,ENERO,1,NO,C09,CONDUCIR VEHÍCULO SUPERANDO LOS LÍMITES MÁXIMOS DE VELOCIDAD.,ESTRELLAMIENTOS,AUTOMÓVIL,PARTICULAR,2,0,0,0,0,0,0,0,0,0,0,0,0,2,NO IDENTIFICADO,-1,NO IDENTIFICADO,NO IDENTIFICADO,CONDUCTOR,NO,NO
2023,DMQ00566012023,0,0,DMQ,-0.194538,-78.501895,17,PICHINCHA,1701,QUITO,170150,QUITO,HUMBERTO ALBORNOZ Y LA ISLA,ZONA 9,URBANA,ND,ND,ND,ND,27/01/2023,21:50:00,DE 21H00 A 21H59,21,viernes,5,ENERO,1,NO,C06,"CONDUCE BAJO LA INFLUENCIA DE ALCOHOL, SUSTANCIAS ESTUPEFACIENTES O PSICOTRÓPICAS Y/O MEDICAMENTOS.",ESTRELLAMIENTOS,AUTOMÓVIL,PARTICULAR,1,0,0,0,0,0,0,0,0,0,0,0,0,1,LICENCIA,37,HOMBRE,ILESO,CONDUCTOR,NO,NO
2023,DMQ00567012023,2,0,DMQ,-0.293718,-78.539826,17,PICHINCHA,1701,QUITO,170150,QUITO,MALDONADO Y AMARU ÑAN,ZONA 9,URBANA,ND,ND,ND,ND,27/01/2023,22:40:00,DE 22H00 A 22H59,22,viernes,5,ENERO,1,NO,C06,"CONDUCE BAJO LA INFLUENCIA DE ALCOHOL, SUSTANCIAS ESTUPEFACIENTES O PSICOTRÓPICAS Y/O MEDICAMENTOS.",ATROPELLOS,MOTOCICLETA,PARTICULAR,0,0,0,0,0,0,0,0,1,0,0,0,0,1,CÉDULA,56,HOMBRE,LESIONADO,PEATÓN,NO,NO
2023,DMQ00576012023,0,0,DMQ,-0.153795,-78.468021,17,PICHINCHA,1701,QUITO,170150,QUITO,EL INCA Y CARDOS,ZONA 9,URBANA,ND,ND,ND,ND,28/01/2023,6:40:00,DE 06H00 A 06H59,6,sábado,6,ENERO,1,NO,C09,CONDUCIR VEHÍCULO SUPERANDO LOS LÍMITES MÁXIMOS DE VELOCIDAD.,ESTRELLAMIENTOS,CAMIONETA,PARTICULAR,0,0,0,0,1,0,0,0,0,0,0,0,0,1,CÉDULA,30,HOMBRE,ILESO,PASAJERO,NO,NO
2023,DMQ00577012023,3,0,DMQ,-0.336092,-78.520229,17,PICHINCHA,1701,QUITO,170150,QUITO,SIMON BOLIVAR A 400 METROS DE LA ESCOMBRERA EL TROJE,ZONA 9,URBANA,ND,ND,ND,ND,28/01/2023,6:40:00,DE 06H00 A 06H59,6,sábado,6,ENERO,1,NO,C09,CONDUCIR VEHÍCULO SUPERANDO LOS LÍMITES MÁXIMOS DE VELOCIDAD.,ESTRELLAMIENTOS,AUTOMÓVIL,PARTICULAR,1,0,0,0,0,0,0,0,0,0,0,0,0,1,CÉDULA,26,HOMBRE,LESIONADO,PASAJERO,NO,NO
2023,PNE00164012023,1,0,PNE,-0.100041,-78.419115,17,PICHINCHA,1701,QUITO,170155,CALDERON (CARAPUNGO),E28  B  km  1+320  -  panamericana  norte,ZONA 9,RURAL,333,CALDERON - PEAJE,E28B,COLECTORA,28/01/2023,14:00:00,DE 14H00 A 14H59,14,sábado,6,ENERO,1,NO,C14,"CONDUCIR DESATENTO A LAS CONDICIONES DE TRÁNSITO (CELULAR, PANTALLAS DE VIDEO, COMIDA, MAQUILLAJE O CUALQUIER OTRO ELEMENTO DISTRACTOR).",ATROPELLOS,AUTOMÓVIL,PARTICULAR,1,0,0,0,0,0,0,0,0,0,0,0,0,1,LICENCIA,54,HOMBRE,LESIONADO,CONDUCTOR,NO,SI
2023,CTE00469012023,7,0,CTE,-0.450649,-78.638485,17,PICHINCHA,1703,MEJIA,170351,ALOAG,RED. ESTATAL E-20 KM 12+420 SENTIDO ALÓAG- SANTO DOMINGO,ZONA 2,RURAL,331,ALOAG (OBELISCO) - TANDAPI,E20,ARTERIAL,28/01/2023,17:06:00,DE 17H00 A 17H59,17,sábado,6,ENERO,1,NO,C23,"NO RESPETAR LAS SEÑALES REGLAMENTARIAS DE TRÁNSITO. (PARE, CEDA EL PASO, LUZ ROJA DEL SEMAFORO, ETC).",CHOQUE LATERAL,VEHÍCULO DEPORTIVO UTILITARIO,PARTICULAR,1,0,0,0,0,0,0,0,0,0,0,0,1,2,CÉDULA,36,MUJER,LESIONADO,PASAJERO,NO,NO
2023,CTE00479012023,0,1,CTE,-0.462751,-78.567917,17,PICHINCHA,1703,MEJIA,170351,ALOAG,RED. ESTATAL E-20 KM 0+150 SENTIDO ALOAG - QUITO,ZONA 2,RURAL,331,ALOAG (OBELISCO) - TANDAPI,E20,ARTERIAL,28/01/2023,21:32:00,DE 21H00 A 21H59,21,sábado,6,ENERO,1,NO,C14,"CONDUCIR DESATENTO A LAS CONDICIONES DE TRÁNSITO (CELULAR, PANTALLAS DE VIDEO, COMIDA, MAQUILLAJE O CUALQUIER OTRO ELEMENTO DISTRACTOR).",ATROPELLOS,NO IDENTIFICADO,PARTICULAR,0,0,0,0,0,0,0,0,0,1,0,0,0,1,CÉDULA,-1,HOMBRE,FALLECIDO,PEATÓN,NO,NO
2023,DMQ00594012023,1,0,DMQ,-0.210292,-78.417692,17,PICHINCHA,1701,QUITO,170184,TUMBACO,OSWALDO GUAYASAMIN Y EL SAUCE,ZONA 9,RURAL,60,QUITO - TUMBACO - PIFO,E28C,COLECTORA,29/01/2023,4:35:00,DE 04H00 A 04H59,4,domingo,7,ENERO,1,NO,C09,CONDUCIR VEHÍCULO SUPERANDO LOS LÍMITES MÁXIMOS DE VELOCIDAD.,ESTRELLAMIENTOS,AUTOMÓVIL,PARTICULAR,1,0,0,0,0,0,0,0,0,0,0,0,0,1,LICENCIA,23,HOMBRE,LESIONADO,CONDUCTOR,NO,NO
2023,DMQ00596012023,0,1,DMQ,-0.189621,-78.483114,17,PICHINCHA,1701,QUITO,170150,QUITO,ELOY ALFARO Y PABLO ARTURO SUAREZ,ZONA 9,URBANA,ND,ND,ND,ND,29/01/2023,5:15:00,DE 05H00 A 05H59,5,domingo,7,ENERO,1,NO,C26,NO CEDER EL DERECHO DE VÍA O PREFERENCIA DE PASO AL PEATÓN.,ARROLLAMIENTOS,NO IDENTIFICADO,PARTICULAR,0,0,0,0,0,0,0,0,0,1,0,0,0,1,CÉDULA,72,HOMBRE,FALLECIDO,PEATÓN,NO,NO
2023,PNE00172012023,1,0,PNE,-0.436329,-78.553207,17,PICHINCHA,1703,MEJIA,170350,MACHACHI,PANAMERICANA  SUR  KILOMETRO  387+350  -,ZONA 2,RURAL,67,ESTACION DE PESAJE - ALOAG (OBELISCO),E35 - E20,ARTERIAL,29/01/2023,6:20:00,DE 06H00 A 06H59,6,domingo,7,ENERO,1,NO,C14,"CONDUCIR DESATENTO A LAS CONDICIONES DE TRÁNSITO (CELULAR, PANTALLAS DE VIDEO, COMIDA, MAQUILLAJE O CUALQUIER OTRO ELEMENTO DISTRACTOR).",CHOQUE LATERAL,MOTOCICLETA,PARTICULAR,0,0,0,0,0,0,0,0,1,0,0,0,1,2,LICENCIA,36,HOMBRE,LESIONADO,CONDUCTOR,NO,SI
2023,PNE00175012023,0,0,PNE,-0.317904,-78.459506,17,PICHINCHA,1705,RUMIÑAHUI,170550,SANGOLQUI,MARIANA  DE  JESUS    -  LOS  TITOS,ZONA 2,URBANA,ND,ND,ND,ND,29/01/2023,15:12:00,DE 15H00 A 15H59,15,domingo,7,ENERO,1,NO,C14,"CONDUCIR DESATENTO A LAS CONDICIONES DE TRÁNSITO (CELULAR, PANTALLAS DE VIDEO, COMIDA, MAQUILLAJE O CUALQUIER OTRO ELEMENTO DISTRACTOR).",ATROPELLOS,MOTOCICLETA,PARTICULAR,0,0,0,0,0,0,0,0,1,0,0,0,0,1,CÉDULA,47,HOMBRE,ILESO,PEATÓN,NO,SI
2023,DMQ00605012023,2,0,DMQ,-0.205556,-78.499961,17,PICHINCHA,1701,QUITO,170150,QUITO,PEREZ GUERRERO Y 18 DE SEPTIEMBRE,ZONA 9,URBANA,ND,ND,ND,ND,29/01/2023,16:40:00,DE 16H00 A 16H59,16,domingo,7,ENERO,1,NO,C25,NO CEDER EL DERECHO DE VÍA O PREFERENCIA DE PASO A VEHÍCULOS.,CHOQUE LATERAL,MOTOCICLETA,PARTICULAR,0,0,0,0,0,0,0,0,1,1,0,0,0,2,LICENCIA,24,HOMBRE,LESIONADO,CONDUCTOR,NO,NO
2023,DMQ00607012023,4,0,DMQ,-0.205934,-78.501739,17,PICHINCHA,1701,QUITO,170150,QUITO,VERSALLES Y PORTOVIEJO,ZONA 9,URBANA,ND,ND,ND,ND,29/01/2023,17:00:00,DE 17H00 A 17H59,17,domingo,7,ENERO,1,NO,C23,"NO RESPETAR LAS SEÑALES REGLAMENTARIAS DE TRÁNSITO. (PARE, CEDA EL PASO, LUZ ROJA DEL SEMAFORO, ETC).",CHOQUE LATERAL,AUTOMÓVIL,PARTICULAR,2,0,0,0,0,0,0,0,0,0,0,0,0,2,CÉDULA,63,MUJER,LESIONADO,PASAJERO,NO,NO
2023,DMQ00609012023,2,0,DMQ,-0.236751,-78.487529,17,PICHINCHA,1701,QUITO,170150,QUITO,SIMON BOLIVAR Y AUTOPISTA GENERAL RUMIÑAHUI,ZONA 9,URBANA,ND,ND,ND,ND,29/01/2023,19:20:00,DE 19H00 A 19H59,19,domingo,7,ENERO,1,NO,C11,NO MANTENER LA DISTANCIA PRUDENCIAL CON RESPECTO AL VEHÍCULO QUE LE ANTECEDE.,CHOQUE POSTERIOR,MOTOCICLETA,PARTICULAR,0,0,0,0,0,0,0,0,1,1,0,0,0,2,LICENCIA,37,HOMBRE,LESIONADO,CONDUCTOR,NO,NO
2023,DMQ00611012023,3,0,DMQ,-0.308212,-78.544763,17,PICHINCHA,1701,QUITO,170150,QUITO,MALDONADO Y S44,ZONA 9,URBANA,ND,ND,ND,ND,30/01/2023,0:00:00,DE 00H00 A 00H59,0,lunes,1,ENERO,1,NO,C07,"PEATÓN TRANSITA BAJO INFLUENCIA DE ALCOHOL, SUSTANCIAS ESTUPEFACIENTES O PSICOTRÓPICAS Y/O MEDICAMENTOS.",ATROPELLOS,MOTOCICLETA,PARTICULAR,0,0,0,0,0,0,0,0,1,0,0,0,0,1,LICENCIA,21,HOMBRE,LESIONADO,CONDUCTOR,NO,NO
2023,PNE00182012023,2,0,PNE,-0.449411,-78.585734,17,PICHINCHA,1703,MEJIA,170351,ALOAG,ELOY  ALFARO  -  ELOY  ALFARO,ZONA 2,URBANA,ND,ND,ND,ND,30/01/2023,2:15:00,DE 02H00 A 02H59,2,lunes,1,ENERO,1,NO,C06,"CONDUCE BAJO LA INFLUENCIA DE ALCOHOL, SUSTANCIAS ESTUPEFACIENTES O PSICOTRÓPICAS Y/O MEDICAMENTOS.",CHOQUE LATERAL,VEHÍCULO DEPORTIVO UTILITARIO,PARTICULAR,1,0,0,0,0,0,0,0,0,0,0,0,1,2,CÉDULA,31,HOMBRE,LESIONADO,PEATÓN,NO,SI
2023,DMQ00612012023,0,0,DMQ,-0.214264,-78.359841,17,PICHINCHA,1701,QUITO,170179,PUEMBO,INTEROCEANICA Y INTEROCEANICA KILOMETRO 6,ZONA 9,RURAL,60,QUITO - TUMBACO - PIFO,E28C,COLECTORA,30/01/2023,5:40:00,DE 05H00 A 05H59,5,lunes,1,ENERO,1,NO,C09,CONDUCIR VEHÍCULO SUPERANDO LOS LÍMITES MÁXIMOS DE VELOCIDAD.,ESTRELLAMIENTOS,AUTOMÓVIL,PARTICULAR,1,0,0,0,0,0,0,0,0,0,0,0,0,1,CÉDULA,25,HOMBRE,ILESO,PASAJERO,NO,NO
2023,DMQ00615012023,0,1,DMQ,-0.286179,-78.531037,17,PICHINCHA,1701,QUITO,170150,QUITO,21 DE AGOSTO Y S26C,ZONA 9,URBANA,ND,ND,ND,ND,30/01/2023,7:30:00,DE 07H00 A 07H59,7,lunes,1,ENERO,1,NO,C22,"ADELANTAR O REBASAR A OTRO VEHÍCULO EN MOVIMIENTO EN ZONAS O SITIOS PELIGROSOS TALES COMO: CURVAS, PUENTES, TÚNELES, PENDIENTES, ETC.",CHOQUE FRONTAL,MOTOCICLETA,PARTICULAR,1,0,0,0,0,0,0,0,1,0,0,0,0,2,LICENCIA,31,HOMBRE,FALLECIDO,CONDUCTOR,NO,NO
2023,DMQ00616012023,0,1,DMQ,-0.104982,-78.430365,17,PICHINCHA,1701,QUITO,170155,CALDERON (CARAPUNGO),PANAMERICANA NORTE Y PEDRO DE LA GASCA,ZONA 9,RURAL,58,ENTRADA A CARAPUNGO - CALDERON,E28B,COLECTORA,30/01/2023,8:39:00,DE 08H00 A 08H59,8,lunes,1,ENERO,1,NO,C26,NO CEDER EL DERECHO DE VÍA O PREFERENCIA DE PASO AL PEATÓN.,ATROPELLOS,NO IDENTIFICADO,PARTICULAR,0,0,0,0,0,0,0,0,0,1,0,0,0,1,CÉDULA,73,HOMBRE,FALLECIDO,PEATÓN,NO,NO
2023,DMQ00619012023,0,0,DMQ,-0.304353,-78.434051,17,PICHINCHA,1701,QUITO,170151,ALANGASI,RIO USHIMANA Y MANUEL MARIA BORRERO,ZONA 9,RURAL,ND,ND,ND,ND,30/01/2023,9:45:00,DE 09H00 A 09H59,9,lunes,1,ENERO,1,NO,C09,CONDUCIR VEHÍCULO SUPERANDO LOS LÍMITES MÁXIMOS DE VELOCIDAD.,ESTRELLAMIENTOS,FURGONETA,PARTICULAR,0,0,0,0,0,0,0,1,0,0,0,0,0,1,LICENCIA,49,HOMBRE,ILESO,CONDUCTOR,NO,NO
2023,DMQ00620012023,0,0,DMQ,-0.150088,-78.474617,17,PICHINCHA,1701,QUITO,170150,QUITO,JOAQUIN SUMAITA Y MANUEL LIZARZABURU,ZONA 9,URBANA,ND,ND,ND,ND,30/01/2023,10:45:00,DE 10H00 A 10H59,10,lunes,1,ENERO,1,NO,C23,"NO RESPETAR LAS SEÑALES REGLAMENTARIAS DE TRÁNSITO. (PARE, CEDA EL PASO, LUZ ROJA DEL SEMAFORO, ETC).",CHOQUE LATERAL,AUTOMÓVIL,PARTICULAR,2,0,0,0,0,0,0,0,0,0,0,0,0,2,LICENCIA,23,HOMBRE,ILESO,CONDUCTOR,NO,NO
2023,DMQ00621012023,1,0,DMQ,-0.196923,-78.501639,17,PICHINCHA,1701,QUITO,170150,QUITO,LA GASCA Y GASPAR DE CARVAJAL,ZONA 9,URBANA,ND,ND,ND,ND,30/01/2023,11:10:00,DE 11H00 A 11H59,11,lunes,1,ENERO,1,NO,C11,NO MANTENER LA DISTANCIA PRUDENCIAL CON RESPECTO AL VEHÍCULO QUE LE ANTECEDE.,CHOQUE POSTERIOR,SCOOTER ELÉCTRICO,PARTICULAR,1,0,0,0,0,0,0,0,0,0,1,0,0,2,LICENCIA,31,MUJER,LESIONADO,CONDUCTOR,NO,NO
2023,DMQ00622012023,0,0,DMQ,-0.205882,-78.494928,17,PICHINCHA,1701,QUITO,170150,QUITO,JUAN LEON MERA Y FRANCISCO ROBLES,ZONA 9,URBANA,ND,ND,ND,ND,30/01/2023,12:15:00,DE 12H00 A 12H59,12,lunes,1,ENERO,1,NO,C23,"NO RESPETAR LAS SEÑALES REGLAMENTARIAS DE TRÁNSITO. (PARE, CEDA EL PASO, LUZ ROJA DEL SEMAFORO, ETC).",CHOQUE LATERAL,CAMIONETA,PARTICULAR,1,0,0,0,1,0,0,0,0,0,0,0,0,2,LICENCIA,48,HOMBRE,ILESO,CONDUCTOR,NO,NO
2023,DMQ00629012023,2,0,DMQ,-0.276706,-78.523523,17,PICHINCHA,1701,QUITO,170150,QUITO,COPAL Y EL CHACO,ZONA 9,URBANA,ND,ND,ND,ND,30/01/2023,18:50:00,DE 18H00 A 18H59,18,lunes,1,ENERO,1,NO,C23,"NO RESPETAR LAS SEÑALES REGLAMENTARIAS DE TRÁNSITO. (PARE, CEDA EL PASO, LUZ ROJA DEL SEMAFORO, ETC).",CHOQUE FRONTAL,MOTOCICLETA,PARTICULAR,0,0,0,0,1,0,0,0,1,0,0,0,0,2,CÉDULA,15,HOMBRE,LESIONADO,PASAJERO,NO,NO
2023,DMQ00631012023,0,0,DMQ,-0.279368,-78.519426,17,PICHINCHA,1701,QUITO,170150,QUITO,CARACOL Y URENO,ZONA 9,URBANA,ND,ND,ND,ND,30/01/2023,21:10:00,DE 21H00 A 21H59,21,lunes,1,ENERO,1,NO,C23,"NO RESPETAR LAS SEÑALES REGLAMENTARIAS DE TRÁNSITO. (PARE, CEDA EL PASO, LUZ ROJA DEL SEMAFORO, ETC).",CHOQUE LATERAL,CAMIONETA,PARTICULAR,1,0,0,0,1,0,0,0,0,0,0,0,0,2,LICENCIA,43,HOMBRE,ILESO,CONDUCTOR,NO,NO
2023,DMQ00634012023,0,0,DMQ,-0.257329,-78.515115,17,PICHINCHA,1701,QUITO,170150,QUITO,ADRIAN NAVARRO Y PUNA,ZONA 9,URBANA,ND,ND,ND,ND,30/01/2023,22:50:00,DE 22H00 A 22H59,22,lunes,1,ENERO,1,NO,C09,CONDUCIR VEHÍCULO SUPERANDO LOS LÍMITES MÁXIMOS DE VELOCIDAD.,ESTRELLAMIENTOS,AUTOMÓVIL,PARTICULAR,1,0,0,0,0,0,0,0,0,0,0,0,0,1,NO IDENTIFICADO,-1,NO IDENTIFICADO,NO IDENTIFICADO,CONDUCTOR,NO,NO
2023,PNE00187012023,0,0,PNE,-0.344898,-78.429344,17,PICHINCHA,1705,RUMIÑAHUI,170550,SANGOLQUI,JUAN  DE  SALINAS    -  ARTIGAS,ZONA 2,URBANA,ND,ND,ND,ND,30/01/2023,22:50:00,DE 22H00 A 22H59,22,lunes,1,ENERO,1,NO,C14,"CONDUCIR DESATENTO A LAS CONDICIONES DE TRÁNSITO (CELULAR, PANTALLAS DE VIDEO, COMIDA, MAQUILLAJE O CUALQUIER OTRO ELEMENTO DISTRACTOR).",CHOQUE LATERAL,VEHÍCULO DEPORTIVO UTILITARIO,PARTICULAR,1,0,0,0,0,0,0,0,0,0,0,0,1,2,LICENCIA,23,HOMBRE,ILESO,CONDUCTOR,NO,SI