ANIO,SINIESTROS,LESIONADOS,FALLECIDOS,ENTE_DE_CONTROL,LATITUD_Y,LONGITUD_X,DPA_1,PROVINCIA,DPA_2,CANTON,DPA_3,PARROQUIA,DIRECCION,ZONA_PLANIFICACION,ZONA,ID_DE_LA_VIA,NOMBRE_DE_LA_VIA,UBICACION_DE_LA_VIA,JERARQUIA_DE_LA_VIA,FECHA,HORA,PERIODO_1,PERIODO_2,DIA_1,DIA_2,MES_1,MES_2,FERIADO,CODIGO_CAUSA,CAUSA_PROBABLE,TIPO_DE_SINIESTRO,TIPO_DE_VEHICULO_1,SERVICIO_1,AUTOMOVIL,BICICLETA,BUS,CAMION,CAMIONETA,EMERGENCIAS,ESPECIAL,FURGONETA,MOTOCICLETA,NO_IDENTIFICADO,SCOOTER_ELECTRICO,TRICIMOTO,VEHICULO_DEPORTIVO_UTILITARIO,SUMA_DE_VEHICULOS,TIPO_ID_1,EDAD_1,SEXO_1,CONDICION_1,PARTICIPANTE_1,CASCO_1,CINTURON_1
2023,DMQ00283012023,0,0,DMQ,-0.302101,-78.558825,17,PICHINCHA,1701,QUITO,170150,QUITO,MARISCAL SUCRE Y S41,ZONA 9,URBANA,ND,ND,ND,ND,14/01/2023,2:50:00,DE 02H00 A 02H59,2,SÁBADO,6,ENERO,1,NO,C06,"CONDUCE BAJO LA INFLUENCIA DE ALCOHOL, SUSTANCIAS ESTUPEFACIENTES O PSICOTRÓPICAS Y/O MEDICAMENTOS.",CHOQUE LATERAL,AUTOMÓVIL,PARTICULAR,2,0,0,0,0,0,0,0,0,0,0,0,0,2,LICENCIA,25,HOMBRE,ILESO,CONDUCTOR,NO,NO
2023,DMQ00285012023,0,0,DMQ,-0.205798,-78.435191,17,PICHINCHA,1701,QUITO,170157,CUMBAYA,OSWALDO GUAYASAMIN Y ALFONSO LAMIÑA,ZONA 9,RURAL,60,QUITO - TUMBACO - PIFO,E28C,COLECTORA,14/01/2023,5:15:00,DE 05H00 A 05H59,5,SÁBADO,6,ENERO,1,NO,C10,"CONDICIONES AMBIENTALES Y/O ATMOSFÉRICAS (NIEBLA, NEBLINA, GRANIZO, LLUVIA).",ESTRELLAMIENTOS,AUTOMÓVIL,PARTICULAR,1,0,0,0,0,0,0,0,0,0,0,0,0,1,NO IDENTIFICADO,-1,NO IDENTIFICADO,NO IDENTIFICADO,CONDUCTOR,NO,NO
2023,DMQ00287012023,0,0,DMQ,-0.295109,-78.477216,17,PICHINCHA,1701,QUITO,170156,CONOCOTO,MONTUFAR Y OLMEDO,ZONA 9,URBANA,ND,ND,ND,ND,14/01/2023,5:40:00,DE 05H00 A 05H59,5,SÁBADO,6,ENERO,1,NO,C10,"CONDICIONES AMBIENTALES Y/O ATMOSFÉRICAS (NIEBLA, NEBLINA, GRANIZO, LLUVIA).",CHOQUE LATERAL,AUTOMÓVIL,PARTICULAR,2,0,0,0,0,0,0,0,0,0,0,0,0,2,LICENCIA,50,HOMBRE,ILESO,CONDUCTOR,NO,NO
2023,PNE00084012023,1,0,PNE,-0.264008,-78.487691,17,PICHINCHA,1701,QUITO,170156,CONOCOTO,AUTOPISTA  GENERAL  RUMINAHUI  -,ZONA 9,RURAL,ND,ND,ND,ND,14/01/2023,7:20:00,DE 07H00 A 07H59,7,SÁBADO,6,ENERO,1,NO,C10,"CONDICIONES AMBIENTALES Y/O ATMOSFÉRICAS (NIEBLA, NEBLINA, GRANIZO, LLUVIA).",CHOQUE POSTERIOR,VEHÍCULO DEPORTIVO UTILITARIO,PARTICULAR,0,0,0,0,0,0,0,0,0,0,0,0,1,1,CÉDULA,36,HOMBRE,LESIONADO,PEATÓN,NO,SI
2023,DMQ00291012023,1,0,DMQ,-0.341961,-78.548848,17,PICHINCHA,1701,QUITO,170150,QUITO,MALDONADO Y S59,ZONA 9,URBANA,ND,ND,ND,ND,14/01/2023,8:55:00,DE 08H00 A 08H59,8,SÁBADO,6,ENERO,1,NO,C23,"NO RESPETAR LAS SEÑALES REGLAMENTARIAS DE TRÁNSITO. (PARE, CEDA EL PASO, LUZ ROJA DEL SEMAFORO, ETC).",CHOQUE LATERAL,NO IDENTIFICADO,PARTICULAR,0,0,0,0,0,0,0,0,0,2,0,0,0,2,CÉDULA,33,HOMBRE,LESIONADO,PASAJERO,NO,NO
2023,DMQ00292012023,2,0,DMQ,-0.190112,-78.478572,17,PICHINCHA,1701,QUITO,170150,QUITO,OSWALDO GUAYASAMIN Y INTEROCEANICA,ZONA 9,URBANA,60,QUITO - TUMBACO - PIFO,E28C,COLECTORA,14/01/2023,10:30:00,DE 10H00 A 10H59,10,SÁBADO,6,ENERO,1,NO,C25,NO CEDER EL DERECHO DE VÍA O PREFERENCIA DE PASO A VEHÍCULOS.,CHOQUE LATERAL,MOTOCICLETA,PARTICULAR,1,0,0,0,0,0,0,0,1,0,0,0,0,2,LICENCIA,24,HOMBRE,LESIONADO,CONDUCTOR,SI,NO
2023,DMQ00294012023,0,0,DMQ,-0.274332,-78.510758,17,PICHINCHA,1701,QUITO,170150,QUITO,SIMON BOLIVAR Y GUASUNTOS,ZONA 9,URBANA,ND,ND,ND,ND,14/01/2023,11:25:00,DE 11H00 A 11H59,11,SÁBADO,6,ENERO,1,NO,C11,NO MANTENER LA DISTANCIA PRUDENCIAL CON RESPECTO AL VEHÍCULO QUE LE ANTECEDE.,CHOQUE POSTERIOR,AUTOMÓVIL,PARTICULAR,2,0,0,0,0,0,0,0,0,0,0,0,0,2,LICENCIA,30,HOMBRE,ILESO,CONDUCTOR,NO,NO
2023,DMQ00295012023,2,0,DMQ,-0.091824,-78.502065,17,PICHINCHA,1701,QUITO,170150,QUITO,PERIMETRAL DERECHA Y OE5E,ZONA 9,URBANA,ND,ND,ND,ND,14/01/2023,12:05:00,DE 12H00 A 12H59,12,SÁBADO,6,ENERO,1,NO,C06,"CONDUCE BAJO LA INFLUENCIA DE ALCOHOL, SUSTANCIAS ESTUPEFACIENTES O PSICOTRÓPICAS Y/O MEDICAMENTOS.",CHOQUE LATERAL,MOTOCICLETA,PARTICULAR,1,0,0,0,0,0,0,0,1,0,0,0,0,2,LICENCIA,38,HOMBRE,LESIONADO,CONDUCTOR,SI,NO
2023,DMQ00303012023,0,0,DMQ,-0.177979,-78.478022,17,PICHINCHA,1701,QUITO,170150,QUITO,6 DE DICIEMBRE Y MANUEL SANCHEZ,ZONA 9,URBANA,ND,ND,ND,ND,14/01/2023,20:15:00,DE 20H00 A 20H59,20,SÁBADO,6,ENERO,1,NO,C10,"CONDICIONES AMBIENTALES Y/O ATMOSFÉRICAS (NIEBLA, NEBLINA, GRANIZO, LLUVIA).",CHOQUE LATERAL,CAMIONETA,PARTICULAR,1,0,0,0,1,0,0,0,0,0,0,0,0,2,LICENCIA,29,HOMBRE,ILESO,CONDUCTOR,NO,NO
2023,DMQ00315012023,0,0,DMQ,-0.187031,-78.491448,17,PICHINCHA,1701,QUITO,170150,QUITO,10 DE AGOSTO Y MARIANA DE JESUS,ZONA 9,URBANA,ND,ND,ND,ND,15/01/2023,1:40:00,DE 01H00 A 01H59,1,DOMINGO,7,ENERO,1,NO,C11,NO MANTENER LA DISTANCIA PRUDENCIAL CON RESPECTO AL VEHÍCULO QUE LE ANTECEDE.,CHOQUE POSTERIOR,AUTOMÓVIL,PARTICULAR,2,0,0,0,0,0,0,0,0,0,0,0,0,2,LICENCIA,30,HOMBRE,ILESO,CONDUCTOR,NO,NO
2023,DMQ00318012023,0,0,DMQ,-0.093415,-78.479549,17,PICHINCHA,1701,QUITO,170150,QUITO,DIEGO VASQUEZ DE CEPEDA Y JUAN DE SELIS,ZONA 9,URBANA,ND,ND,ND,ND,15/01/2023,3:10:00,DE 03H00 A 03H59,3,DOMINGO,7,ENERO,1,NO,C09,CONDUCIR VEHÍCULO SUPERANDO LOS LÍMITES MÁXIMOS DE VELOCIDAD.,ESTRELLAMIENTOS,AUTOMÓVIL,PARTICULAR,1,0,0,0,0,0,0,0,0,0,0,0,0,1,NO IDENTIFICADO,-1,NO IDENTIFICADO,NO IDENTIFICADO,CONDUCTOR,NO,NO
2023,DMQ00320012023,0,0,DMQ,-0.208618,-78.495508,17,PICHINCHA,1701,QUITO,170150,QUITO,6 DE DICIEMBRE Y PATRIA,ZONA 9,URBANA,ND,ND,ND,ND,15/01/2023,3:20:00,DE 03H00 A 03H59,3,DOMINGO,7,ENERO,1,NO,C06,"CONDUCE BAJO LA INFLUENCIA DE ALCOHOL, SUSTANCIAS ESTUPEFACIENTES O PSICOTRÓPICAS Y/O MEDICAMENTOS.",CHOQUE POSTERIOR,AUTOMÓVIL,PARTICULAR,2,0,0,0,0,0,0,0,0,0,0,0,0,2,LICENCIA,24,HOMBRE,ILESO,CONDUCTOR,NO,NO
2023,DMQ00328012023,2,0,DMQ,-0.286201,-78.459021,17,PICHINCHA,1701,QUITO,170151,ALANGASI,RIO COCA Y RIO AMAZONAS,ZONA 9,RURAL,ND,ND,ND,ND,15/01/2023,15:05:00,DE 15H00 A 15H59,15,DOMINGO,7,ENERO,1,NO,C09,CONDUCIR VEHÍCULO SUPERANDO LOS LÍMITES MÁXIMOS DE VELOCIDAD.,ESTRELLAMIENTOS,AUTOMÓVIL,PARTICULAR,1,0,0,0,0,0,0,0,0,0,0,0,0,1,CÉDULA,39,MUJER,LESIONADO,PASAJERO,NO,NO
2023,DMQ00330012023,1,0,DMQ,-0.279569,-78.515516,17,PICHINCHA,1701,QUITO,170150,QUITO,SIMON BOLIVAR Y PASAJE C.E FRENTE A LA FERRETERIA ANDY,ZONA 9,URBANA,ND,ND,ND,ND,15/01/2023,20:00:00,DE 20H00 A 20H59,20,DOMINGO,7,ENERO,1,NO,C09,CONDUCIR VEHÍCULO SUPERANDO LOS LÍMITES MÁXIMOS DE VELOCIDAD.,CHOQUE FRONTAL,MOTOCICLETA,PARTICULAR,1,0,0,0,0,0,0,0,1,0,0,0,0,2,LICENCIA,38,HOMBRE,LESIONADO,CONDUCTOR,NO,NO
2023,PNE00097012023,0,2,PNE,-0.449411,-78.585734,17,PICHINCHA,1703,MEJIA,170351,ALOAG,BAYAS    -  VIA  LEONAN  Sector  Opar  Pacha,ZONA 2,RURAL,ND,ND,ND,ND,15/01/2023,20:00:40,DE 20H00 A 20H59,20,DOMINGO,7,ENERO,1,NO,C18,CONDUCIR EN SENTIDO CONTRARIO A LA VÍA NORMAL DE CIRCULACIÓN.,CHOQUE FRONTAL,CAMIÓN,PARTICULAR,0,0,0,1,0,0,0,0,0,0,0,0,0,1,LICENCIA,19,HOMBRE,FALLECIDO,CONDUCTOR,NO,SI
2023,DMQ00332012023,1,0,DMQ,0.141974,-78.767638,17,PICHINCHA,1701,QUITO,170172,PACTO,27 DE MARZO Y ESPAÑA,ZONA 9,RURAL,ND,ND,ND,ND,15/01/2023,20:30:00,DE 20H00 A 20H59,20,DOMINGO,7,ENERO,1,NO,C16,NO TRANSITAR POR LAS ACERAS O ZONAS DE SEGURIDAD DESTINADAS PARA EL EFECTO.,ATROPELLOS,AUTOMÓVIL,PARTICULAR,1,0,0,0,0,0,0,0,0,0,0,0,0,1,CÉDULA,6,MUJER,LESIONADO,PEATÓN,NO,NO
2023,DMQ00350012023,0,0,DMQ,-0.202673,-78.492491,17,PICHINCHA,1701,QUITO,170150,QUITO,JUAN LEON MERA Y WILSON,ZONA 9,URBANA,ND,ND,ND,ND,16/01/2023,14:50:00,DE 14H00 A 14H59,14,LUNES,1,ENERO,1,NO,C25,NO CEDER EL DERECHO DE VÍA O PREFERENCIA DE PASO A VEHÍCULOS.,CHOQUE LATERAL,AUTOMÓVIL,PARTICULAR,2,0,0,0,0,0,0,0,0,0,0,0,0,2,LICENCIA,67,HOMBRE,ILESO,CONDUCTOR,NO,NO
2023,DMQ00354012023,0,0,DMQ,-0.174561,-78.492691,17,PICHINCHA,1701,QUITO,170150,QUITO,NACIONES UNIDAS Y AMERICA,ZONA 9,URBANA,ND,ND,ND,ND,16/01/2023,18:25:00,DE 18H00 A 18H59,18,LUNES,1,ENERO,1,NO,C23,"NO RESPETAR LAS SEÑALES REGLAMENTARIAS DE TRÁNSITO. (PARE, CEDA EL PASO, LUZ ROJA DEL SEMAFORO, ETC).",CHOQUE LATERAL,AUTOMÓVIL,PARTICULAR,2,0,0,0,0,0,0,0,0,0,0,0,0,2,LICENCIA,33,HOMBRE,ILESO,CONDUCTOR,NO,NO
2023,DMQ00355012023,3,0,DMQ,-0.248587,-78.528218,17,PICHINCHA,1701,QUITO,170150,QUITO,ALONSO DE ANGULO Y JIPIJAPA,ZONA 9,URBANA,ND,ND,ND,ND,16/01/2023,19:00:00,DE 19H00 A 19H59,19,LUNES,1,ENERO,1,NO,C25,NO CEDER EL DERECHO DE VÍA O PREFERENCIA DE PASO A VEHÍCULOS.,CHOQUE LATERAL,MOTOCICLETA,PARTICULAR,1,0,0,0,0,0,0,0,1,0,0,0,0,2,LICENCIA,25,HOMBRE,LESIONADO,CONDUCTOR,NO,NO
2023,DMQ00356012023,1,0,DMQ,-0.238871,-78.533172,17,PICHINCHA,1701,QUITO,170150,QUITO,ZARUMA Y GUACHAPALA,ZONA 9,URBANA,ND,ND,ND,ND,16/01/2023,19:00:00,DE 19H00 A 19H59,19,LUNES,1,ENERO,1,NO,C26,NO CEDER EL DERECHO DE VÍA O PREFERENCIA DE PASO AL PEATÓN.,ATROPELLOS,NO IDENTIFICADO,PARTICULAR,0,0,0,0,0,0,0,0,0,1,0,0,0,1,CÉDULA,8,HOMBRE,LESIONADO,PEATÓN,NO,NO
2023,DMQ00366012023,0,0,DMQ,-0.202296,-78.430188,17,PICHINCHA,1701,QUITO,170157,CUMBAYA,MARIA ANGELICA IDROVO Y ALBA CALDERON,ZONA 9,RURAL,ND,ND,ND,ND,17/01/2023,8:10:00,DE 08H00 A 08H59,8,MARTES,2,ENERO,1,NO,C23,"NO RESPETAR LAS SEÑALES REGLAMENTARIAS DE TRÁNSITO. (PARE, CEDA EL PASO, LUZ ROJA DEL SEMAFORO, ETC).",CHOQUE LATERAL,MOTOCICLETA,PARTICULAR,1,0,0,0,0,0,0,0,1,0,0,0,0,2,LICENCIA,31,HOMBRE,ILESO,CONDUCTOR,NO,NO
2023,DMQ00369012023,0,0,DMQ,-0.187949,-78.493222,17,PICHINCHA,1701,QUITO,170150,QUITO,MARIANA DE JESUS Y JORGE JUAN,ZONA 9,URBANA,ND,ND,ND,ND,17/01/2023,13:50:00,DE 13H00 A 13H59,13,MARTES,2,ENERO,1,NO,C25,NO CEDER EL DERECHO DE VÍA O PREFERENCIA DE PASO A VEHÍCULOS.,CHOQUE LATERAL,SCOOTER ELÉCTRICO,PARTICULAR,1,0,0,0,0,0,0,0,0,0,1,0,0,2,LICENCIA,29,HOMBRE,ILESO,CONDUCTOR,NO,NO
2023,DMQ00377012023,2,0,DMQ,-0.328514,-78.553262,17,PICHINCHA,1701,QUITO,170150,QUITO,QUITUMBE ÑAN Y S52B,ZONA 9,URBANA,ND,ND,ND,ND,17/01/2023,20:15:00,DE 20H00 A 20H59,20,MARTES,2,ENERO,1,NO,C16,NO TRANSITAR POR LAS ACERAS O ZONAS DE SEGURIDAD DESTINADAS PARA EL EFECTO.,ATROPELLOS,AUTOMÓVIL,PARTICULAR,1,0,0,0,0,0,0,0,0,0,0,0,0,1,CÉDULA,32,HOMBRE,LESIONADO,PEATÓN,NO,NO
2023,DMQ00384012023,1,0,DMQ,-0.288972,-78.525682,17,PICHINCHA,1701,QUITO,170150,QUITO,GONZALO PEREZ BUSTAMANTE Y S28I,ZONA 9,URBANA,ND,ND,ND,ND,18/01/2023,14:45:00,DE 14H00 A 14H59,14,MIÉRCOLES,3,ENERO,1,NO,C07,"PEATÓN TRANSITA BAJO INFLUENCIA DE ALCOHOL, SUSTANCIAS ESTUPEFACIENTES O PSICOTRÓPICAS Y/O MEDICAMENTOS.",ATROPELLOS,CAMIONETA,PARTICULAR,0,0,0,0,1,0,0,0,0,0,0,0,0,1,CÉDULA,38,HOMBRE,LESIONADO,PEATÓN,NO,NO
2023,DMQ00388012023,0,1,DMQ,-0.214241,-78.375832,17,PICHINCHA,1701,QUITO,170184,TUMBACO,RUTA VIVA Y HIGOSPAMBA,ZONA 9,RURAL,ND,ND,ND,ND,18/01/2023,17:57:00,DE 17H00 A 17H59,17,MIÉRCOLES,3,ENERO,1,NO,C11,NO MANTENER LA DISTANCIA PRUDENCIAL CON RESPECTO AL VEHÍCULO QUE LE ANTECEDE.,CHOQUE POSTERIOR,MOTOCICLETA,PARTICULAR,0,0,0,0,0,0,0,0,1,1,0,0,0,2,LICENCIA,23,HOMBRE,FALLECIDO,CONDUCTOR,NO,NO
2023,DMQ00392012023,4,0,DMQ,-0.262792,-78.540091,17,PICHINCHA,1701,QUITO,170150,QUITO,OE5H Y SOZORANGA,ZONA 9,URBANA,ND,ND,ND,ND,19/01/2023,10:30:00,DE 10H00 A 10H59,10,JUEVES,4,ENERO,1,NO,C06,"CONDUCE BAJO LA INFLUENCIA DE ALCOHOL, SUSTANCIAS ESTUPEFACIENTES O PSICOTRÓPICAS Y/O MEDICAMENTOS.",ATROPELLOS,MOTOCICLETA,PARTICULAR,3,0,0,0,0,0,0,0,1,0,0,0,0,4,LICENCIA,26,HOMBRE,LESIONADO,CONDUCTOR,NO,NO
2023,DMQ00397012023,0,0,DMQ,-0.298611,-78.547114,17,PICHINCHA,1701,QUITO,170150,QUITO,CONDOR ÑAN Y LLIRA ÑAN,ZONA 9,URBANA,ND,ND,ND,ND,19/01/2023,15:00:00,DE 15H00 A 15H59,15,JUEVES,4,ENERO,1,NO,C23,"NO RESPETAR LAS SEÑALES REGLAMENTARIAS DE TRÁNSITO. (PARE, CEDA EL PASO, LUZ ROJA DEL SEMAFORO, ETC).",CHOQUE LATERAL,AUTOMÓVIL,PARTICULAR,2,0,0,0,0,0,0,0,0,0,0,0,0,2,LICENCIA,32,HOMBRE,ILESO,CONDUCTOR,NO,NO
2023,DMQ00398012023,1,0,DMQ,-0.290634,-78.536697,17,PICHINCHA,1701,QUITO,170150,QUITO,GONZALO PEREZ BUSTAMANTE Y MALDONADO,ZONA 9,URBANA,ND,ND,ND,ND,19/01/2023,16:10:00,DE 16H00 A 16H59,16,JUEVES,4,ENERO,1,NO,C09,CONDUCIR VEHÍCULO SUPERANDO LOS LÍMITES MÁXIMOS DE VELOCIDAD.,ESTRELLAMIENTOS,AUTOMÓVIL,PARTICULAR,1,0,0,0,0,0,0,0,0,1,0,0,0,2,CÉDULA,20,HOMBRE,LESIONADO,PASAJERO,NO,NO
2023,DMQ00399012023,2,0,DMQ,-0.210747,-78.503214,17,PICHINCHA,1701,QUITO,170150,QUITO,JUAN LARREA Y JOSE RIOFRIO,ZONA 9,URBANA,ND,ND,ND,ND,19/01/2023,17:49:00,DE 17H00 A 17H59,17,JUEVES,4,ENERO,1,NO,C25,NO CEDER EL DERECHO DE VÍA O PREFERENCIA DE PASO A VEHÍCULOS.,CHOQUE LATERAL,AUTOMÓVIL,PARTICULAR,2,0,0,0,0,0,0,0,0,0,0,0,0,2,CÉDULA,37,MUJER,LESIONADO,PASAJERO,NO,NO
2023,DMQ00402012023,0,0,DMQ,-0.245502,-78.492295,17,PICHINCHA,1701,QUITO,170150,QUITO,RICARDO IZURIETA DEL CASTILLO Y CALLE O,ZONA 9,URBANA,ND,ND,ND,ND,19/01/2023,19:40:00,DE 19H00 A 19H59,19,JUEVES,4,ENERO,1,NO,C09,CONDUCIR VEHÍCULO SUPERANDO LOS LÍMITES MÁXIMOS DE VELOCIDAD.,ESTRELLAMIENTOS,AUTOMÓVIL,PARTICULAR,2,0,0,0,0,0,0,0,0,0,0,0,0,2,LICENCIA,24,HOMBRE,ILESO,CONDUCTOR,NO,NO
2023,DMQ00404012023,0,0,DMQ,-0.192445,-78.496848,17,PICHINCHA,1701,QUITO,170150,QUITO,ANTONIO DE ULLOA Y BARTOLOME DE LAS CASAS,ZONA 9,URBANA,ND,ND,ND,ND,19/01/2023,22:00:00,DE 22H00 A 22H59,22,JUEVES,4,ENERO,1,NO,C06,"CONDUCE BAJO LA INFLUENCIA DE ALCOHOL, SUSTANCIAS ESTUPEFACIENTES O PSICOTRÓPICAS Y/O MEDICAMENTOS.",CHOQUE LATERAL,AUTOMÓVIL,PARTICULAR,2,0,0,0,0,0,0,0,0,0,0,0,0,2,LICENCIA,71,HOMBRE,ILESO,CONDUCTOR,NO,NO
2023,DMQ00407012023,0,0,DMQ,-0.190959,-78.481913,17,PICHINCHA,1701,QUITO,170150,QUITO,6 DE DICIEMBRE Y SHYRIS,ZONA 9,URBANA,ND,ND,ND,ND,20/01/2023,3:20:00,DE 03H00 A 03H59,3,VIERNES,5,ENERO,1,NO,C22,"ADELANTAR O REBASAR A OTRO VEHÍCULO EN MOVIMIENTO EN ZONAS O SITIOS PELIGROSOS TALES COMO: CURVAS, PUENTES, TÚNELES, PENDIENTES, ETC.",ESTRELLAMIENTOS,AUTOMÓVIL,PARTICULAR,1,0,0,0,0,0,0,0,0,0,0,0,0,1,LICENCIA,55,HOMBRE,ILESO,CONDUCTOR,NO,NO
2023,DMQ00408012023,0,0,DMQ,-0.168283,-78.487301,17,PICHINCHA,1701,QUITO,170150,QUITO,10 DE AGOSTO Y AMERICA,ZONA 9,URBANA,ND,ND,ND,ND,20/01/2023,3:50:00,DE 03H00 A 03H59,3,VIERNES,5,ENERO,1,NO,C09,CONDUCIR VEHÍCULO SUPERANDO LOS LÍMITES MÁXIMOS DE VELOCIDAD.,ESTRELLAMIENTOS,AUTOMÓVIL,PARTICULAR,1,0,0,0,0,0,0,0,0,0,0,0,0,1,NO IDENTIFICADO,-1,NO IDENTIFICADO,NO IDENTIFICADO,CONDUCTOR,NO,NO
2023,DMQ00414012023,2,0,DMQ,-0.102784,-78.488698,17,PICHINCHA,1701,QUITO,170150,QUITO,MARISCAL SUCRE Y LA ESPERANZA,ZONA 9,URBANA,ND,ND,ND,ND,20/01/2023,8:30:00,DE 08H00 A 08H59,8,VIERNES,5,ENERO,1,NO,C07,"PEATÓN TRANSITA BAJO INFLUENCIA DE ALCOHOL, SUSTANCIAS ESTUPEFACIENTES O PSICOTRÓPICAS Y/O MEDICAMENTOS.",ATROPELLOS,AUTOMÓVIL,PARTICULAR,2,0,0,0,0,0,0,0,0,0,0,0,0,2,CÉDULA,50,HOMBRE,LESIONADO,PEATÓN,NO,NO
2023,DMQ00415012023,1,0,DMQ,-0.236924,-78.507631,17,PICHINCHA,1701,QUITO,170150,QUITO,PEDRO PINTO Y NAPO,ZONA 9,URBANA,ND,ND,ND,ND,20/01/2023,10:00:00,DE 10H00 A 10H59,10,VIERNES,5,ENERO,1,NO,C09,CONDUCIR VEHÍCULO SUPERANDO LOS LÍMITES MÁXIMOS DE VELOCIDAD.,ATROPELLOS,AUTOMÓVIL,PARTICULAR,1,0,0,0,0,0,0,0,0,0,0,0,0,1,CÉDULA,71,MUJER,LESIONADO,PEATÓN,NO,NO
2023,DMQ00416012023,1,0,DMQ,-0.208986,-78.506001,17,PICHINCHA,1701,QUITO,170150,QUITO,MEXICO Y BUENOS AIRES,ZONA 9,URBANA,ND,ND,ND,ND,20/01/2023,13:50:00,DE 13H00 A 13H59,13,VIERNES,5,ENERO,1,NO,C23,"NO RESPETAR LAS SEÑALES REGLAMENTARIAS DE TRÁNSITO. (PARE, CEDA EL PASO, LUZ ROJA DEL SEMAFORO, ETC).",CHOQUE LATERAL,MOTOCICLETA,PARTICULAR,1,0,0,0,0,0,0,0,1,0,0,0,0,2,LICENCIA,22,HOMBRE,LESIONADO,CONDUCTOR,NO,NO
2023,DMQ00421012023,0,0,DMQ,-0.134521,-78.465628,17,PICHINCHA,1701,QUITO,170150,QUITO,CESAR TERAN LOPEZ Y BELLADONAS,ZONA 9,URBANA,ND,ND,ND,ND,20/01/2023,19:45:00,DE 19H00 A 19H59,19,VIERNES,5,ENERO,1,NO,C23,"NO RESPETAR LAS SEÑALES REGLAMENTARIAS DE TRÁNSITO. (PARE, CEDA EL PASO, LUZ ROJA DEL SEMAFORO, ETC).",CHOQUE LATERAL,AUTOMÓVIL,PARTICULAR,2,0,0,0,0,0,0,0,0,0,0,0,0,2,LICENCIA,41,HOMBRE,ILESO,CONDUCTOR,NO,NO
2023,DMQ00422012023,2,0,DMQ,-0.176915,-78.480962,17,PICHINCHA,1701,QUITO,170150,QUITO,SHYRIS Y NACIONES UNIDAS,ZONA 9,URBANA,ND,ND,ND,ND,20/01/2023,20:10:00,DE 20H00 A 20H59,20,VIERNES,5,ENERO,1,NO,C06,"CONDUCE BAJO LA INFLUENCIA DE ALCOHOL, SUSTANCIAS ESTUPEFACIENTES O PSICOTRÓPICAS Y/O MEDICAMENTOS.",ATROPELLOS,AUTOMÓVIL,PARTICULAR,3,0,0,0,0,0,0,0,0,0,0,0,0,3,CÉDULA,30,MUJER,LESIONADO,PASAJERO,NO,NO
2023,PNE00115012023,0,0,PNE,-0.008116,-78.457117,17,PICHINCHA,1701,QUITO,170180,SAN ANTONIO (QUITO),AV.  MANUEL  CORDOVA  GALARZA  -  OE1A,ZONA 9,URBANA,ND,ND,ND,ND,20/01/2023,22:55:00,DE 22H00 A 22H59,22,VIERNES,5,ENERO,1,NO,C14,"CONDUCIR DESATENTO A LAS CONDICIONES DE TRÁNSITO (CELULAR, PANTALLAS DE VIDEO, COMIDA, MAQUILLAJE O CUALQUIER OTRO ELEMENTO DISTRACTOR).",ESTRELLAMIENTOS,AUTOMÓVIL,PARTICULAR,1,0,0,0,0,0,0,0,0,0,0,0,0,1,NO IDENTIFICADO,30,HOMBRE,NO IDENTIFICADO,CONDUCTOR,NO,SI
2023,CTE00345012023,1,0,CTE,-0.437427,-78.704432,17,PICHINCHA,1703,MEJIA,170351,ALOAG,RED VIAL ESTATAL E-20 KM 28 SENTIDO ALOAG-STO. DOMINGO.,ZONA 2,RURAL,331,ALOAG (OBELISCO) - TANDAPI,E20,ARTERIAL,21/01/2023,7:50:00,DE 07H00 A 07H59,7,SÁBADO,6,ENERO,1,NO,C14,"CONDUCIR DESATENTO A LAS CONDICIONES DE TRÁNSITO (CELULAR, PANTALLAS DE VIDEO, COMIDA, MAQUILLAJE O CUALQUIER OTRO ELEMENTO DISTRACTOR).",ATROPELLOS,MOTOCICLETA,PARTICULAR,0,0,0,0,0,0,0,0,1,0,0,0,0,1,CÉDULA,-1,MUJER,LESIONADO,PASAJERO,NO,NO
2023,DMQ00441012023,1,0,DMQ,-0.245391,-78.500957,17,PICHINCHA,1701,QUITO,170150,QUITO,SIMON BOLIVAR Y S6E,ZONA 9,URBANA,ND,ND,ND,ND,21/01/2023,13:38:00,DE 13H00 A 13H59,13,SÁBADO,6,ENERO,1,NO,C06,"CONDUCE BAJO LA INFLUENCIA DE ALCOHOL, SUSTANCIAS ESTUPEFACIENTES O PSICOTRÓPICAS Y/O MEDICAMENTOS.",CHOQUE LATERAL,MOTOCICLETA,PARTICULAR,1,0,0,0,0,0,0,0,1,0,0,0,0,2,LICENCIA,38,HOMBRE,LESIONADO,CONDUCTOR,SI,NO
2023,DMQ00443012023,5,0,DMQ,-0.278332,-78.519361,17,PICHINCHA,1701,QUITO,170150,QUITO,CARACOL Y S18C,ZONA 9,URBANA,ND,ND,ND,ND,21/01/2023,14:30:00,DE 14H00 A 14H59,14,SÁBADO,6,ENERO,1,NO,C19,REALIZAR CAMBIO BRUSCO O INDEBIDO DE CARRIL.,CHOQUE FRONTAL,CAMIONETA,PARTICULAR,1,0,0,0,1,0,0,0,0,0,0,0,0,2,LICENCIA,76,HOMBRE,LESIONADO,CONDUCTOR,NO,NO