ANIO,SINIESTROS,LESIONADOS,FALLECIDOS,ENTE_DE_CONTROL,LATITUD_Y,LONGITUD_X,DPA_1,PROVINCIA,DPA_2,CANTON,DPA_3,PARROQUIA,DIRECCION,ZONA_PLANIFICACION,ZONA,ID_DE_LA_VIA,NOMBRE_DE_LA_VIA,UBICACION_DE_LA_VIA,JERARQUIA_DE_LA_VIA,FECHA,HORA,PERIODO_1,PERIODO_2,DIA_1,DIA_2,MES_1,MES_2,FERIADO,CODIGO_CAUSA,CAUSA_PROBABLE,TIPO_DE_SINIESTRO,TIPO_DE_VEHICULO_1,SERVICIO_1,AUTOMOVIL,BICICLETA,BUS,CAMION,CAMIONETA,EMERGENCIAS,ESPECIAL,FURGONETA,MOTOCICLETA,NO_IDENTIFICADO,SCOOTER_ELECTRICO,TRICIMOTO,VEHICULO_DEPORTIVO_UTILITARIO,SUMA_DE_VEHICULOS,TIPO_ID_1,EDAD_1,SEXO_1,CONDICION_1,PARTICIPANTE_1,CASCO_1,CINTURON_1
2023,DMQ00231022023,0,0,DMQ,-0.310138,-78.568401,17,PICHINCHA,1701,QUITO,170150,QUITO,S46 Y OE9G,ZONA 9,URBANA,ND,ND,ND,ND,10/2/2023,17:00:00,DE 17H00 A 17H59,17,VIERNES,5,FEBRERO,2,NO,C06,"CONDUCE BAJO LA INFLUENCIA DE ALCOHOL, SUSTANCIAS ESTUPEFACIENTES O PSICOTRÓPICAS Y/O MEDICAMENTOS.",CHOQUE LATERAL,MOTOCICLETA,PARTICULAR,1,0,0,0,0,0,0,0,1,0,0,0,0,2,LICENCIA,26,HOMBRE,ILESO,CONDUCTOR,NO,NO
2023,DMQ00232022023,2,0,DMQ,-0.227083,-78.510405,17,PICHINCHA,1701,QUITO,170150,QUITO,VICENTE ROCAFUERTE Y E2D,ZONA 9,URBANA,ND,ND,ND,ND,10/2/2023,18:30:00,DE 18H00 A 18H59,18,VIERNES,5,FEBRERO,2,NO,C16,NO TRANSITAR POR LAS ACERAS O ZONAS DE SEGURIDAD DESTINADAS PARA EL EFECTO.,ATROPELLOS,MOTOCICLETA,PARTICULAR,0,0,0,0,0,0,0,0,1,0,0,0,0,1,CÉDULA,75,HOMBRE,LESIONADO,PEATÓN,NO,NO
2023,DMQ00233022023,0,0,DMQ,-0.209224,-78.518368,17,PICHINCHA,1701,QUITO,170150,QUITO,GUATEMALA Y FRAY JOSE YEPEZ,ZONA 9,URBANA,ND,ND,ND,ND,10/2/2023,19:20:00,DE 19H00 A 19H59,19,VIERNES,5,FEBRERO,2,NO,C25,NO CEDER EL DERECHO DE VÍA O PREFERENCIA DE PASO A VEHÍCULOS.,CHOQUE LATERAL,MOTOCICLETA,PARTICULAR,0,0,0,0,0,0,0,0,2,0,0,0,0,2,CÉDULA,31,HOMBRE,ILESO,PASAJERO,NO,NO
2023,DMQ00236022023,3,0,DMQ,-0.184672,-78.490828,17,PICHINCHA,1701,QUITO,170150,QUITO,10 DE AGOSTO Y JUAN BAYAS,ZONA 9,URBANA,ND,ND,ND,ND,10/2/2023,20:00:00,DE 20H00 A 20H59,20,VIERNES,5,FEBRERO,2,NO,C07,"PEATÓN TRANSITA BAJO INFLUENCIA DE ALCOHOL, SUSTANCIAS ESTUPEFACIENTES O PSICOTRÓPICAS Y/O MEDICAMENTOS.",ATROPELLOS,MOTOCICLETA,PARTICULAR,0,0,0,0,0,0,0,0,1,0,0,0,0,1,CÉDULA,23,HOMBRE,LESIONADO,PEATÓN,NO,NO
2023,DMQ00237022023,0,0,DMQ,-0.239654,-78.492949,17,PICHINCHA,1701,QUITO,170150,QUITO,SIMON BOLIVAR Y JOAQUIN GALARZA,ZONA 9,URBANA,ND,ND,ND,ND,10/2/2023,20:50:00,DE 20H00 A 20H59,20,VIERNES,5,FEBRERO,2,NO,C09,CONDUCIR VEHÍCULO SUPERANDO LOS LÍMITES MÁXIMOS DE VELOCIDAD.,ESTRELLAMIENTOS,CAMIONETA,PARTICULAR,0,0,0,0,1,0,0,0,0,0,0,0,0,1,NO IDENTIFICADO,-1,NO IDENTIFICADO,NO IDENTIFICADO,CONDUCTOR,NO,NO
2023,DMQ00239022023,0,0,DMQ,-0.231088,-78.538742,17,PICHINCHA,1701,QUITO,170150,QUITO,CHAVEZ PUGRU Y ARENILLAS,ZONA 9,URBANA,ND,ND,ND,ND,10/2/2023,21:05:00,DE 21H00 A 21H59,21,VIERNES,5,FEBRERO,2,NO,C09,CONDUCIR VEHÍCULO SUPERANDO LOS LÍMITES MÁXIMOS DE VELOCIDAD.,ESTRELLAMIENTOS,CAMIONETA,PARTICULAR,0,0,0,0,1,0,0,0,0,0,0,0,0,1,NO IDENTIFICADO,-1,NO IDENTIFICADO,NO IDENTIFICADO,CONDUCTOR,NO,NO
2023,DMQ00240022023,1,0,DMQ,-0.096536,-78.480482,17,PICHINCHA,1701,QUITO,170150,QUITO,MARIANO PAREDES Y TADEO BENITEZ,ZONA 9,URBANA,ND,ND,ND,ND,10/2/2023,21:25:00,DE 21H00 A 21H59,21,VIERNES,5,FEBRERO,2,NO,C11,NO MANTENER LA DISTANCIA PRUDENCIAL CON RESPECTO AL VEHÍCULO QUE LE ANTECEDE.,CHOQUE POSTERIOR,AUTOMÓVIL,PARTICULAR,2,0,0,0,0,0,0,0,0,0,0,0,0,2,LICENCIA,32,HOMBRE,LESIONADO,CONDUCTOR,NO,NO
2023,DMQ00256022023,1,0,DMQ,-0.283181,-78.559627,17,PICHINCHA,1701,QUITO,170150,QUITO,RAMON CABRERA Y JOAQUIN RUALES,ZONA 9,URBANA,ND,ND,ND,ND,11/2/2023,18:20:00,DE 18H00 A 18H59,18,SÁBADO,6,FEBRERO,2,NO,C01,"CASO FORTUITO O FUERZA MAYOR (EXPLOSIÓN DE NEUMÁTICO NUEVO, DERRUMBE, INUNDACIÓN, CAÍDA DE PUENTE, ÁRBOL, PRESENCIA INTEMPESTIVA E IMPREVISTA DE SEMOVIENTES EN LA VÍA, ETC.).",CHOQUE LATERAL,NO IDENTIFICADO,PARTICULAR,0,0,0,0,0,0,0,0,0,2,0,0,0,2,CÉDULA,24,MUJER,LESIONADO,PASAJERO,NO,NO
2023,PNE00076022023,1,0,PNE,-0.301839,-78.457093,17,PICHINCHA,1705,RUMIÑAHUI,170550,SANGOLQUI,AV.  GRAL.  RUMINAHUI  -  ISLA  GENOVESA,ZONA 2,RURAL,ND,ND,ND,ND,11/2/2023,19:30:00,DE 19H00 A 19H59,19,SÁBADO,6,FEBRERO,2,NO,C14,"CONDUCIR DESATENTO A LAS CONDICIONES DE TRÁNSITO (CELULAR, PANTALLAS DE VIDEO, COMIDA, MAQUILLAJE O CUALQUIER OTRO ELEMENTO DISTRACTOR).",ARROLLAMIENTOS,AUTOMÓVIL,PARTICULAR,1,0,0,0,0,0,0,0,0,0,0,0,0,1,NO IDENTIFICADO,43,HOMBRE,LESIONADO,PEATÓN,NO,SI
2023,DMQ00259022023,0,1,DMQ,-0.250288,-78.503251,17,PICHINCHA,1701,QUITO,170150,QUITO,SIMON BOLIVAR Y PASAJE ISABEL SAMANIEGO,ZONA 9,URBANA,ND,ND,ND,ND,11/2/2023,21:40:00,DE 21H00 A 21H59,21,SÁBADO,6,FEBRERO,2,NO,C09,CONDUCIR VEHÍCULO SUPERANDO LOS LÍMITES MÁXIMOS DE VELOCIDAD.,CHOQUE LATERAL,MOTOCICLETA,PARTICULAR,0,0,0,0,0,0,0,0,1,1,0,0,0,2,NO IDENTIFICADO,36,HOMBRE,FALLECIDO,CONDUCTOR,NO,NO
2023,DMQ00261022023,0,0,DMQ,-0.072876,-78.422554,17,PICHINCHA,1701,QUITO,170155,CALDERON (CARAPUNGO),FRANCISCO ALBORNOZ Y AGUSTIN GUERRERO,ZONA 9,RURAL,ND,ND,ND,ND,11/2/2023,23:30:00,DE 23H00 A 23H59,23,SÁBADO,6,FEBRERO,2,NO,C03,"CONDUCIR EN ESTADO DE SOMNOLENCIA O MALAS CONDICIONES FÍSICAS (SUEÑO, CANSANCIO Y FATIGA).",ESTRELLAMIENTOS,AUTOMÓVIL,PARTICULAR,1,0,0,0,0,0,0,0,0,0,0,0,0,1,LICENCIA,32,MUJER,ILESO,CONDUCTOR,NO,NO
2023,DMQ00266022023,0,1,DMQ,-0.221062,-78.422051,17,PICHINCHA,1701,QUITO,170184,TUMBACO,RUTA VIVA Y INTERVALLES,ZONA 9,RURAL,ND,ND,ND,ND,12/2/2023,2:00:00,DE 02H00 A 02H59,2,DOMINGO,7,FEBRERO,2,NO,C06,"CONDUCE BAJO LA INFLUENCIA DE ALCOHOL, SUSTANCIAS ESTUPEFACIENTES O PSICOTRÓPICAS Y/O MEDICAMENTOS.",CHOQUE FRONTAL,AUTOMÓVIL,PARTICULAR,2,0,0,0,0,0,0,0,0,0,0,0,0,2,LICENCIA,32,HOMBRE,FALLECIDO,CONDUCTOR,NO,NO
2023,PNE00078022023,0,1,PNE,-0.449411,-78.585734,17,PICHINCHA,1703,MEJIA,170351,ALOAG,AV.  AMAZOANAS  -  ANTONIO  BENITEZ,ZONA 2,URBANA,ND,ND,ND,ND,12/2/2023,3:45:00,DE 03H00 A 03H59,3,DOMINGO,7,FEBRERO,2,NO,C09,CONDUCIR VEHÍCULO SUPERANDO LOS LÍMITES MÁXIMOS DE VELOCIDAD.,CHOQUE POSTERIOR,NO IDENTIFICADO,PARTICULAR,0,0,0,0,0,0,0,0,0,1,0,0,0,1,CÉDULA,20,MUJER,FALLECIDO,PASAJERO,NO,SI
2023,PNE00079022023,1,1,PNE,-0.294224,-78.462731,17,PICHINCHA,1701,QUITO,170156,CONOCOTO,AV.  GNRL.  RUMINAHUI  -  GEOVANNI  FARINA,ZONA 9,RURAL,ND,ND,ND,ND,12/2/2023,6:00:00,DE 06H00 A 06H59,6,DOMINGO,7,FEBRERO,2,NO,C21,MALAS CONDICIONES DE LA VÍA Y/O CONFIGURACIÓN. (ILUMINACIÓN Y DISEÑO).,ESTRELLAMIENTOS,MOTOCICLETA,PARTICULAR,0,0,0,0,0,0,0,0,1,0,0,0,0,1,NO IDENTIFICADO,27,HOMBRE,FALLECIDO,CONDUCTOR,NO,SI
2023,DMQ00273022023,2,0,DMQ,-0.210613,-78.514185,17,PICHINCHA,1701,QUITO,170150,QUITO,GUATEMALA Y AUGUSTO MARTINEZ,ZONA 9,URBANA,ND,ND,ND,ND,12/2/2023,8:20:00,DE 08H00 A 08H59,8,DOMINGO,7,FEBRERO,2,NO,C09,CONDUCIR VEHÍCULO SUPERANDO LOS LÍMITES MÁXIMOS DE VELOCIDAD.,CHOQUE LATERAL,MOTOCICLETA,PARTICULAR,1,0,0,0,0,0,0,0,1,0,0,0,0,2,CÉDULA,16,HOMBRE,LESIONADO,PASAJERO,NO,NO
2023,DMQ00275022023,0,0,DMQ,-0.256269,-78.511862,17,PICHINCHA,1701,QUITO,170150,QUITO,NARIZ DEL DIABLO Y CHARLES LEE,ZONA 9,URBANA,ND,ND,ND,ND,12/2/2023,10:05:00,DE 10H00 A 10H59,10,DOMINGO,7,FEBRERO,2,NO,C06,"CONDUCE BAJO LA INFLUENCIA DE ALCOHOL, SUSTANCIAS ESTUPEFACIENTES O PSICOTRÓPICAS Y/O MEDICAMENTOS.",ESTRELLAMIENTOS,AUTOMÓVIL,PARTICULAR,2,0,0,0,0,0,0,0,0,0,0,0,0,2,LICENCIA,33,HOMBRE,ILESO,CONDUCTOR,NO,NO
2023,PNE00082022023,0,1,PNE,-0.050388,-78.285627,17,PICHINCHA,1701,QUITO,170163,GUAYLLABAMBA,E35    -  15  JUNIO,ZONA 9,RURAL,62,CUSUBAMBA - PIFO,E35,ARTERIAL,12/2/2023,11:00:00,DE 11H00 A 11H59,11,DOMINGO,7,FEBRERO,2,NO,C14,"CONDUCIR DESATENTO A LAS CONDICIONES DE TRÁNSITO (CELULAR, PANTALLAS DE VIDEO, COMIDA, MAQUILLAJE O CUALQUIER OTRO ELEMENTO DISTRACTOR).",CHOQUE POSTERIOR,MOTOCICLETA,PARTICULAR,0,0,0,0,0,0,0,0,1,0,0,0,0,1,LICENCIA,30,HOMBRE,FALLECIDO,CONDUCTOR,NO,SI
2023,DMQ00282022023,0,0,DMQ,-0.214844,-78.441412,17,PICHINCHA,1701,QUITO,170157,CUMBAYA,RUTA VIVA Y ALFONSO LAMIÑA,ZONA 9,RURAL,ND,ND,ND,ND,12/2/2023,16:05:00,DE 16H00 A 16H59,16,DOMINGO,7,FEBRERO,2,NO,C09,CONDUCIR VEHÍCULO SUPERANDO LOS LÍMITES MÁXIMOS DE VELOCIDAD.,ESTRELLAMIENTOS,CAMIONETA,PARTICULAR,0,0,0,0,1,0,0,0,0,0,0,0,0,1,NO IDENTIFICADO,-1,NO IDENTIFICADO,NO IDENTIFICADO,CONDUCTOR,NO,NO
2023,DMQ00295022023,0,0,DMQ,-0.264109,-78.521029,17,PICHINCHA,1701,QUITO,170150,QUITO,RAMON CAMPAÑA Y FRANCISCO ARCIA,ZONA 9,URBANA,ND,ND,ND,ND,13/02/2023,5:45:00,DE 05H00 A 05H59,5,LUNES,1,FEBRERO,2,NO,C09,CONDUCIR VEHÍCULO SUPERANDO LOS LÍMITES MÁXIMOS DE VELOCIDAD.,ESTRELLAMIENTOS,AUTOMÓVIL,PARTICULAR,1,0,0,0,0,0,0,0,0,0,0,0,0,1,NO IDENTIFICADO,-1,NO IDENTIFICADO,NO IDENTIFICADO,CONDUCTOR,NO,NO
2023,DMQ00297022023,0,0,DMQ,-0.283148,-78.470701,17,PICHINCHA,1701,QUITO,170156,CONOCOTO,LOLA QUINTANA Y AUTOPISTA GENERAL RUMIÑAHUI,ZONA 9,RURAL,ND,ND,ND,ND,13/02/2023,6:30:00,DE 06H00 A 06H59,6,LUNES,1,FEBRERO,2,NO,C09,CONDUCIR VEHÍCULO SUPERANDO LOS LÍMITES MÁXIMOS DE VELOCIDAD.,CHOQUE LATERAL,CAMIONETA,PARTICULAR,1,0,0,0,1,0,0,0,0,0,0,0,0,2,LICENCIA,50,HOMBRE,ILESO,CONDUCTOR,NO,NO
2023,DMQ00307022023,0,0,DMQ,-0.345344,-78.547705,17,PICHINCHA,1701,QUITO,170150,QUITO,S60 Y MALDONADO,ZONA 9,URBANA,ND,ND,ND,ND,13/02/2023,14:00:00,DE 14H00 A 14H59,14,LUNES,1,FEBRERO,2,NO,C06,"CONDUCE BAJO LA INFLUENCIA DE ALCOHOL, SUSTANCIAS ESTUPEFACIENTES O PSICOTRÓPICAS Y/O MEDICAMENTOS.",CHOQUE LATERAL,AUTOMÓVIL,PARTICULAR,2,0,0,0,0,0,0,0,0,0,0,0,0,2,LICENCIA,37,HOMBRE,ILESO,CONDUCTOR,NO,NO
2023,PNE00087022023,3,0,PNE,-0.435001,-78.548763,17,PICHINCHA,1703,MEJIA,170350,MACHACHI,VIA  AL  MURCO    -  PANAMERICANA  SUR,ZONA 2,URBANA,ND,ND,ND,ND,13/02/2023,14:45:00,DE 14H00 A 14H59,14,LUNES,1,FEBRERO,2,NO,C14,"CONDUCIR DESATENTO A LAS CONDICIONES DE TRÁNSITO (CELULAR, PANTALLAS DE VIDEO, COMIDA, MAQUILLAJE O CUALQUIER OTRO ELEMENTO DISTRACTOR).",CHOQUE FRONTAL,VEHÍCULO DEPORTIVO UTILITARIO,PARTICULAR,1,0,0,0,0,0,0,0,0,0,0,0,1,2,LICENCIA,38,HOMBRE,LESIONADO,CONDUCTOR,NO,SI
2023,PNE00088022023,0,0,PNE,-0.056251,-78.454866,17,PICHINCHA,1701,QUITO,170177,POMASQUI,AV.  MANUEL  CORDOVA  GALARZA  -  ANTONIO  JOSE  DE  SUCRE,ZONA 9,URBANA,52,QUITO - POMASQUI - REDONDEL MITAD DEL MUNDO,E28,COLECTORA,13/02/2023,17:00:00,DE 17H00 A 17H59,17,LUNES,1,FEBRERO,2,NO,C06,"CONDUCE BAJO LA INFLUENCIA DE ALCOHOL, SUSTANCIAS ESTUPEFACIENTES O PSICOTRÓPICAS Y/O MEDICAMENTOS.",CHOQUE LATERAL,CAMIONETA,PARTICULAR,0,0,0,0,1,0,0,0,0,0,0,0,1,2,LICENCIA,32,HOMBRE,ILESO,CONDUCTOR,NO,SI
2023,DMQ00308022023,1,0,DMQ,-0.008528,-78.446611,17,PICHINCHA,1701,QUITO,170180,SAN ANTONIO (QUITO),EQUINOCCIAL Y DANIEL CEVALLOS,ZONA 9,RURAL,ND,ND,ND,ND,13/02/2023,17:30:00,DE 17H00 A 17H59,17,LUNES,1,FEBRERO,2,NO,C26,NO CEDER EL DERECHO DE VÍA O PREFERENCIA DE PASO AL PEATÓN.,ATROPELLOS,NO IDENTIFICADO,PARTICULAR,0,0,0,0,0,0,0,0,0,1,0,0,0,1,CÉDULA,38,HOMBRE,LESIONADO,PEATÓN,NO,NO
2023,DMQ00309022023,0,1,DMQ,-0.129272,-78.448503,17,PICHINCHA,1701,QUITO,170165,LLANO CHICO,SIMON BOLIVAR Y DE LOS NOGALES,ZONA 9,RURAL,ND,ND,ND,ND,13/02/2023,17:45:00,DE 17H00 A 17H59,17,LUNES,1,FEBRERO,2,NO,C26,NO CEDER EL DERECHO DE VÍA O PREFERENCIA DE PASO AL PEATÓN.,ATROPELLOS,NO IDENTIFICADO,PARTICULAR,0,0,0,0,0,0,0,0,0,1,0,0,0,1,CÉDULA,86,MUJER,FALLECIDO,PEATÓN,NO,NO
2023,DMQ00320022023,0,0,DMQ,-0.258586,-78.544613,17,PICHINCHA,1701,QUITO,170150,QUITO,MARISCAL SUCRE Y HERNAN GMOINER,ZONA 9,URBANA,ND,ND,ND,ND,14/02/2023,10:30:00,DE 10H00 A 10H59,10,MARTES,2,FEBRERO,2,NO,C11,NO MANTENER LA DISTANCIA PRUDENCIAL CON RESPECTO AL VEHÍCULO QUE LE ANTECEDE.,CHOQUE POSTERIOR,AUTOMÓVIL,PARTICULAR,2,0,0,0,0,0,0,0,0,0,0,0,0,2,LICENCIA,38,HOMBRE,ILESO,CONDUCTOR,NO,NO
2023,DMQ00322022023,2,0,DMQ,-0.247956,-78.526057,17,PICHINCHA,1701,QUITO,170150,QUITO,ALONSO DE ANGULO Y LAURO GUERRERO,ZONA 9,URBANA,ND,ND,ND,ND,14/02/2023,14:00:00,DE 14H00 A 14H59,14,MARTES,2,FEBRERO,2,NO,C16,NO TRANSITAR POR LAS ACERAS O ZONAS DE SEGURIDAD DESTINADAS PARA EL EFECTO.,ATROPELLOS,AUTOMÓVIL,PARTICULAR,1,0,0,0,0,0,0,0,0,0,0,0,0,1,CÉDULA,15,HOMBRE,LESIONADO,PEATÓN,NO,NO
2023,DMQ00331022023,1,0,DMQ,-0.250026,-78.508357,17,PICHINCHA,1701,QUITO,170150,QUITO,MIGUEL ALONSO Y JOSE QUERI,ZONA 9,URBANA,ND,ND,ND,ND,14/02/2023,18:40:00,DE 18H00 A 18H59,18,MARTES,2,FEBRERO,2,NO,C27,PEATÓN QUE CRUZA LA CALZADA SIN RESPETAR LA SEÑALIZACIÓN EXISTENTE (SEMÁFOROS O SEÑALES MANUALES).,ATROPELLOS,CAMIONETA,PARTICULAR,1,0,0,0,1,0,0,0,0,0,0,0,0,2,CÉDULA,28,HOMBRE,LESIONADO,PEATÓN,NO,NO
2023,DMQ00332022023,0,1,DMQ,-0.125707,-78.500383,17,PICHINCHA,1701,QUITO,170150,QUITO,BARTOLOME RUIZ Y HUACHI,ZONA 9,URBANA,ND,ND,ND,ND,14/02/2023,19:52:00,DE 19H00 A 19H59,19,MARTES,2,FEBRERO,2,NO,C25,NO CEDER EL DERECHO DE VÍA O PREFERENCIA DE PASO A VEHÍCULOS.,CHOQUE LATERAL,MOTOCICLETA,PARTICULAR,1,0,0,0,0,0,0,0,1,0,0,0,0,2,LICENCIA,43,HOMBRE,FALLECIDO,CONDUCTOR,NO,NO
2023,DMQ00341022023,0,0,DMQ,-0.125631,-78.471673,17,PICHINCHA,1701,QUITO,170150,QUITO,ELOY ALFARO Y MARIANO SUASTE,ZONA 9,URBANA,ND,ND,ND,ND,15/02/2023,5:20:00,DE 05H00 A 05H59,5,MIÉRCOLES,3,FEBRERO,2,NO,C09,CONDUCIR VEHÍCULO SUPERANDO LOS LÍMITES MÁXIMOS DE VELOCIDAD.,ESTRELLAMIENTOS,AUTOMÓVIL,PARTICULAR,1,0,0,0,0,0,0,0,0,0,0,0,0,1,LICENCIA,43,HOMBRE,ILESO,CONDUCTOR,NO,NO
2023,DMQ00346022023,3,0,DMQ,-0.182283,-78.478046,17,PICHINCHA,1701,QUITO,170150,QUITO,PORTUGAL Y CATALINA ALDAZ,ZONA 9,URBANA,ND,ND,ND,ND,15/02/2023,11:00:00,DE 11H00 A 11H59,11,MIÉRCOLES,3,FEBRERO,2,NO,C16,NO TRANSITAR POR LAS ACERAS O ZONAS DE SEGURIDAD DESTINADAS PARA EL EFECTO.,ATROPELLOS,AUTOMÓVIL,PARTICULAR,1,0,0,0,0,0,0,0,0,0,0,0,0,1,LICENCIA,41,MUJER,LESIONADO,CONDUCTOR,NO,NO
2023,DMQ00348022023,1,0,DMQ,-0.251927,-78.531571,17,PICHINCHA,1701,QUITO,170150,QUITO,ROSA YEIRA Y PIO DURE,ZONA 9,URBANA,ND,ND,ND,ND,15/02/2023,13:13:00,DE 13H00 A 13H59,13,MIÉRCOLES,3,FEBRERO,2,NO,C26,NO CEDER EL DERECHO DE VÍA O PREFERENCIA DE PASO AL PEATÓN.,ATROPELLOS,NO IDENTIFICADO,PARTICULAR,0,0,0,0,0,0,0,0,0,1,0,0,0,1,CÉDULA,16,MUJER,LESIONADO,PEATÓN,NO,NO
2023,DMQ00352022023,1,0,DMQ,-0.277208,-78.556861,17,PICHINCHA,1701,QUITO,170150,QUITO,AMBROCIO ACOSTA Y ANTONIO CONFORTE,ZONA 9,URBANA,ND,ND,ND,ND,15/02/2023,14:30:00,DE 14H00 A 14H59,14,MIÉRCOLES,3,FEBRERO,2,NO,C23,"NO RESPETAR LAS SEÑALES REGLAMENTARIAS DE TRÁNSITO. (PARE, CEDA EL PASO, LUZ ROJA DEL SEMAFORO, ETC).",CHOQUE LATERAL,BICICLETA,PARTICULAR,1,1,0,0,0,0,0,0,0,0,0,0,0,2,LICENCIA,39,HOMBRE,LESIONADO,CONDUCTOR,SI,NO
2023,DMQ00355022023,1,0,DMQ,-0.253521,-78.504268,17,PICHINCHA,1701,QUITO,170150,QUITO,S8F Y SIMON BOLIVAR,ZONA 9,URBANA,ND,ND,ND,ND,15/02/2023,18:36:00,DE 18H00 A 18H59,18,MIÉRCOLES,3,FEBRERO,2,NO,C26,NO CEDER EL DERECHO DE VÍA O PREFERENCIA DE PASO AL PEATÓN.,ARROLLAMIENTOS,NO IDENTIFICADO,PARTICULAR,0,0,0,0,0,0,0,0,0,1,0,0,0,1,CÉDULA,45,HOMBRE,LESIONADO,PEATÓN,NO,NO
2023,DMQ00360022023,0,0,DMQ,-0.218665,-78.434241,17,PICHINCHA,1701,QUITO,170157,CUMBAYA,GIOVANNI BOCCACCIO Y DE LAS MAGNOLIAS,ZONA 9,RURAL,ND,ND,ND,ND,16/02/2023,9:00:00,DE 09H00 A 09H59,9,JUEVES,4,FEBRERO,2,NO,C09,CONDUCIR VEHÍCULO SUPERANDO LOS LÍMITES MÁXIMOS DE VELOCIDAD.,CHOQUE LATERAL,AUTOMÓVIL,PARTICULAR,2,0,0,0,0,0,0,0,0,0,0,0,0,2,LICENCIA,29,MUJER,ILESO,CONDUCTOR,NO,NO
2023,DMQ00361022023,1,0,DMQ,-0.208192,-78.499952,17,PICHINCHA,1701,QUITO,170150,QUITO,10 DE AGOSTO Y SANTIAGO,ZONA 9,URBANA,ND,ND,ND,ND,16/02/2023,9:30:00,DE 09H00 A 09H59,9,JUEVES,4,FEBRERO,2,NO,C16,NO TRANSITAR POR LAS ACERAS O ZONAS DE SEGURIDAD DESTINADAS PARA EL EFECTO.,ATROPELLOS,MOTOCICLETA,PARTICULAR,0,0,0,0,0,0,0,0,1,0,0,0,0,1,CÉDULA,65,HOMBRE,LESIONADO,PEATÓN,NO,NO
2023,DMQ00365022023,0,0,DMQ,-0.194603,-78.509574,17,PICHINCHA,1701,QUITO,170150,QUITO,LA GASCA Y FRANCISCO JAVIER LIZARAZU,ZONA 9,URBANA,ND,ND,ND,ND,16/02/2023,12:45:00,DE 12H00 A 12H59,12,JUEVES,4,FEBRERO,2,NO,C09,CONDUCIR VEHÍCULO SUPERANDO LOS LÍMITES MÁXIMOS DE VELOCIDAD.,ESTRELLAMIENTOS,AUTOMÓVIL,PARTICULAR,1,0,0,0,0,0,0,0,0,0,0,0,0,1,NO IDENTIFICADO,-1,NO IDENTIFICADO,NO IDENTIFICADO,CONDUCTOR,NO,NO
2023,DMQ00368022023,0,0,DMQ,-0.138078,-78.479937,17,PICHINCHA,1701,QUITO,170150,QUITO,JULIO TEODORO SALEM Y DE LOS PINOS,ZONA 9,URBANA,ND,ND,ND,ND,16/02/2023,13:30:00,DE 13H00 A 13H59,13,JUEVES,4,FEBRERO,2,NO,C11,NO MANTENER LA DISTANCIA PRUDENCIAL CON RESPECTO AL VEHÍCULO QUE LE ANTECEDE.,CHOQUE POSTERIOR,AUTOMÓVIL,PARTICULAR,2,0,0,0,0,0,0,0,0,0,0,0,0,2,LICENCIA,36,HOMBRE,ILESO,CONDUCTOR,NO,NO
2023,DMQ00370022023,2,0,DMQ,-0.250782,-78.503385,17,PICHINCHA,1701,QUITO,170150,QUITO,SIMON BOLIVAR Y S8A,ZONA 9,URBANA,ND,ND,ND,ND,16/02/2023,14:25:00,DE 14H00 A 14H59,14,JUEVES,4,FEBRERO,2,NO,C09,CONDUCIR VEHÍCULO SUPERANDO LOS LÍMITES MÁXIMOS DE VELOCIDAD.,ESTRELLAMIENTOS,AUTOMÓVIL,PARTICULAR,1,0,0,0,0,0,0,0,0,0,0,0,0,1,CÉDULA,18,MUJER,LESIONADO,PASAJERO,NO,NO
2023,DMQ00372022023,1,0,DMQ,-0.242722,-78.521712,17,PICHINCHA,1701,QUITO,170150,QUITO,PEDRO DE ALFARO Y DIEGO DE SANDOVAL,ZONA 9,URBANA,ND,ND,ND,ND,16/02/2023,15:20:00,DE 15H00 A 15H59,15,JUEVES,4,FEBRERO,2,NO,C23,"NO RESPETAR LAS SEÑALES REGLAMENTARIAS DE TRÁNSITO. (PARE, CEDA EL PASO, LUZ ROJA DEL SEMAFORO, ETC).",CHOQUE LATERAL,MOTOCICLETA,PARTICULAR,1,0,0,0,0,0,0,0,1,0,0,0,0,2,LICENCIA,27,HOMBRE,LESIONADO,CONDUCTOR,NO,NO
2023,DMQ00382022023,2,0,DMQ,-0.335976,-78.480528,17,PICHINCHA,1701,QUITO,170152,AMAGUAÑA,HUANCAVILCA Y DUCHICELA,ZONA 9,RURAL,ND,ND,ND,ND,16/02/2023,20:15:00,DE 20H00 A 20H59,20,JUEVES,4,FEBRERO,2,NO,C11,NO MANTENER LA DISTANCIA PRUDENCIAL CON RESPECTO AL VEHÍCULO QUE LE ANTECEDE.,CHOQUE POSTERIOR,MOTOCICLETA,PARTICULAR,0,0,0,0,0,0,0,0,1,1,0,0,0,2,LICENCIA,22,HOMBRE,LESIONADO,CONDUCTOR,NO,NO