ANIO,SINIESTROS,LESIONADOS,FALLECIDOS,ENTE_DE_CONTROL,LATITUD_Y,LONGITUD_X,DPA_1,PROVINCIA,DPA_2,CANTON,DPA_3,PARROQUIA,DIRECCION,ZONA_PLANIFICACION,ZONA,ID_DE_LA_VIA,NOMBRE_DE_LA_VIA,UBICACION_DE_LA_VIA,JERARQUIA_DE_LA_VIA,FECHA,HORA,PERIODO_1,PERIODO_2,DIA_1,DIA_2,MES_1,MES_2,FERIADO,CODIGO_CAUSA,CAUSA_PROBABLE,TIPO_DE_SINIESTRO,TIPO_DE_VEHICULO_1,SERVICIO_1,AUTOMOVIL,BICICLETA,BUS,CAMION,CAMIONETA,EMERGENCIAS,ESPECIAL,FURGONETA,MOTOCICLETA,NO_IDENTIFICADO,SCOOTER_ELECTRICO,TRICIMOTO,VEHICULO_DEPORTIVO_UTILITARIO,SUMA_DE_VEHICULOS,TIPO_ID_1,EDAD_1,SEXO_1,CONDICION_1,PARTICIPANTE_1,CASCO_1,CINTURON_1
2023,DMQ00384022023,0,0,DMQ,-0.337186,-78.485177,17,PICHINCHA,1701,QUITO,170152,AMAGUAÑA,SANTA ISABEL Y PICHINCHA,ZONA 9,RURAL,ND,ND,ND,ND,16/02/2023,21:30:00,DE 21H00 A 21H59,21,JUEVES,4,FEBRERO,2,NO,C06,"CONDUCE BAJO LA INFLUENCIA DE ALCOHOL, SUSTANCIAS ESTUPEFACIENTES O PSICOTRÓPICAS Y/O MEDICAMENTOS.",CHOQUE FRONTAL,AUTOMÓVIL,PARTICULAR,2,0,0,0,0,0,0,0,0,0,0,0,0,2,LICENCIA,22,HOMBRE,ILESO,CONDUCTOR,NO,NO
2023,DMQ00385022023,1,0,DMQ,-0.129111,-78.498136,17,PICHINCHA,1701,QUITO,170150,QUITO,VACA DE CASTRO Y MACHALA,ZONA 9,URBANA,ND,ND,ND,ND,16/02/2023,21:40:00,DE 21H00 A 21H59,21,JUEVES,4,FEBRERO,2,NO,C23,"NO RESPETAR LAS SEÑALES REGLAMENTARIAS DE TRÁNSITO. (PARE, CEDA EL PASO, LUZ ROJA DEL SEMAFORO, ETC).",CHOQUE LATERAL,MOTOCICLETA,PARTICULAR,1,0,0,0,0,0,0,0,1,0,0,0,0,2,LICENCIA,22,HOMBRE,LESIONADO,CONDUCTOR,NO,NO
2023,DMQ00387022023,0,0,DMQ,-0.193723,-78.459379,17,PICHINCHA,1701,QUITO,170150,QUITO,SIMON BOLIVAR Y PERLA QUITEÑA,ZONA 9,URBANA,ND,ND,ND,ND,16/02/2023,23:40:00,DE 23H00 A 23H59,23,JUEVES,4,FEBRERO,2,NO,C09,CONDUCIR VEHÍCULO SUPERANDO LOS LÍMITES MÁXIMOS DE VELOCIDAD.,ESTRELLAMIENTOS,CAMIONETA,PARTICULAR,0,0,0,0,1,0,0,0,0,0,0,0,0,1,LICENCIA,58,HOMBRE,ILESO,CONDUCTOR,NO,NO
2023,DMQ00388022023,0,0,DMQ,-0.286691,-78.556123,17,PICHINCHA,1701,QUITO,170150,QUITO,MARISCAL SUCRE Y DIEGO VASQUEZ DE CEPEDA,ZONA 9,URBANA,ND,ND,ND,ND,17/02/2023,1:30:00,DE 01H00 A 01H59,1,VIERNES,5,FEBRERO,2,NO,C03,"CONDUCIR EN ESTADO DE SOMNOLENCIA O MALAS CONDICIONES FÍSICAS (SUEÑO, CANSANCIO Y FATIGA).",ESTRELLAMIENTOS,AUTOMÓVIL,PARTICULAR,1,0,0,0,0,0,0,0,0,0,0,0,0,1,NO IDENTIFICADO,-1,NO IDENTIFICADO,NO IDENTIFICADO,CONDUCTOR,NO,NO
2023,DMQ00389022023,3,0,DMQ,-0.283083,-78.494158,17,PICHINCHA,1701,QUITO,170156,CONOCOTO,PRINCESA TOA Y PACHACUTEC,ZONA 9,RURAL,ND,ND,ND,ND,17/02/2023,5:45:00,DE 05H00 A 05H59,5,VIERNES,5,FEBRERO,2,NO,C19,REALIZAR CAMBIO BRUSCO O INDEBIDO DE CARRIL.,CHOQUE FRONTAL,AUTOMÓVIL,PARTICULAR,2,0,0,0,0,0,0,0,0,0,0,0,0,2,CÉDULA,31,HOMBRE,LESIONADO,PASAJERO,NO,NO
2023,DMQ00391022023,0,0,DMQ,-0.358156,-78.534392,17,PICHINCHA,1701,QUITO,170150,QUITO,SIMON BOLIVAR Y SANTA ROSA,ZONA 9,URBANA,ND,ND,ND,ND,17/02/2023,7:20:00,DE 07H00 A 07H59,7,VIERNES,5,FEBRERO,2,NO,C02,"PRESENCIA DE AGENTES EXTERNOS EN LA VÍA (AGUA, ACEITE, PIEDRA, LASTRE, ESCOMBROS, MADEROS, ETC.).",ESTRELLAMIENTOS,MOTOCICLETA,PARTICULAR,0,0,0,0,2,0,0,0,1,0,0,0,0,3,CÉDULA,38,HOMBRE,ILESO,PEATÓN,NO,NO
2023,DMQ00392022023,1,0,DMQ,-0.206865,-78.512324,17,PICHINCHA,1701,QUITO,170150,QUITO,MARISCAL SUCRE Y UNIVERSITARIA,ZONA 9,URBANA,ND,ND,ND,ND,17/02/2023,7:40:00,DE 07H00 A 07H59,7,VIERNES,5,FEBRERO,2,NO,C25,NO CEDER EL DERECHO DE VÍA O PREFERENCIA DE PASO A VEHÍCULOS.,CHOQUE LATERAL,MOTOCICLETA,PARTICULAR,1,0,0,0,0,0,0,0,1,0,0,0,0,2,LICENCIA,27,HOMBRE,LESIONADO,CONDUCTOR,NO,NO
2023,DMQ00393022023,1,0,DMQ,-0.221134,-78.520661,17,PICHINCHA,1701,QUITO,170150,QUITO,MARISCAL SUCRE Y LOJA,ZONA 9,URBANA,ND,ND,ND,ND,17/02/2023,7:49:00,DE 07H00 A 07H59,7,VIERNES,5,FEBRERO,2,NO,C27,PEATÓN QUE CRUZA LA CALZADA SIN RESPETAR LA SEÑALIZACIÓN EXISTENTE (SEMÁFOROS O SEÑALES MANUALES).,ATROPELLOS,AUTOMÓVIL,PARTICULAR,1,0,0,0,0,0,0,0,0,0,0,0,0,1,CÉDULA,23,HOMBRE,LESIONADO,PEATÓN,NO,NO
2023,DMQ00399022023,0,0,DMQ,-0.206478,-78.494372,17,PICHINCHA,1701,QUITO,170150,QUITO,REINA VICTORIA Y FRANCISCO ROBLES,ZONA 9,URBANA,ND,ND,ND,ND,17/02/2023,11:55:00,DE 11H00 A 11H59,11,VIERNES,5,FEBRERO,2,NO,C23,"NO RESPETAR LAS SEÑALES REGLAMENTARIAS DE TRÁNSITO. (PARE, CEDA EL PASO, LUZ ROJA DEL SEMAFORO, ETC).",ESTRELLAMIENTOS,AUTOMÓVIL,PARTICULAR,4,0,0,0,0,0,0,0,0,0,0,0,0,4,LICENCIA,25,HOMBRE,ILESO,CONDUCTOR,NO,NO
2023,DMQ00400022023,1,0,DMQ,-0.320558,-78.553928,17,PICHINCHA,1701,QUITO,170150,QUITO,QUITUMBE ÑAN Y ARTURO TIPANGUANO,ZONA 9,URBANA,ND,ND,ND,ND,17/02/2023,12:20:00,DE 12H00 A 12H59,12,VIERNES,5,FEBRERO,2,SI,C25,NO CEDER EL DERECHO DE VÍA O PREFERENCIA DE PASO A VEHÍCULOS.,CHOQUE LATERAL,MOTOCICLETA,PARTICULAR,0,0,0,0,0,0,0,1,1,0,0,0,0,2,LICENCIA,29,HOMBRE,LESIONADO,CONDUCTOR,NO,NO
2023,DMQ00403022023,0,0,DMQ,-0.109008,-78.493196,17,PICHINCHA,1701,QUITO,170150,QUITO,PRENSA Y EZEQUIEL MARQUEZ,ZONA 9,URBANA,ND,ND,ND,ND,17/02/2023,15:00:00,DE 15H00 A 15H59,15,VIERNES,5,FEBRERO,2,SI,C23,"NO RESPETAR LAS SEÑALES REGLAMENTARIAS DE TRÁNSITO. (PARE, CEDA EL PASO, LUZ ROJA DEL SEMAFORO, ETC).",CHOQUE LATERAL,MOTOCICLETA,PARTICULAR,1,0,0,0,0,0,0,0,1,0,0,0,0,2,LICENCIA,57,HOMBRE,ILESO,CONDUCTOR,NO,NO
2023,DMQ00407022023,1,0,DMQ,-0.196105,-78.442464,17,PICHINCHA,1701,QUITO,170157,CUMBAYA,OSWALDO GUAYASAMIN Y PAMPITE,ZONA 9,RURAL,60,QUITO - TUMBACO - PIFO,E28C,COLECTORA,17/02/2023,18:15:00,DE 18H00 A 18H59,18,VIERNES,5,FEBRERO,2,SI,C19,REALIZAR CAMBIO BRUSCO O INDEBIDO DE CARRIL.,CHOQUE LATERAL,MOTOCICLETA,PARTICULAR,0,0,0,0,0,0,0,0,1,1,0,0,0,2,PASAPORTE,26,HOMBRE,LESIONADO,CONDUCTOR,NO,NO
2023,PNE00105022023,0,0,PNE,-0.066996,-78.467116,17,PICHINCHA,1701,QUITO,170177,POMASQUI,GRANILANDIA  -  AV.MANUEL  CORDOVA  GALARZA  y  MANUEL  JORDAN,ZONA 9,RURAL,52,QUITO - POMASQUI - REDONDEL MITAD DEL MUNDO,E28,COLECTORA,17/02/2023,19:30:00,DE 19H00 A 19H59,19,VIERNES,5,FEBRERO,2,SI,C23,"NO RESPETAR LAS SEÑALES REGLAMENTARIAS DE TRÁNSITO. (PARE, CEDA EL PASO, LUZ ROJA DEL SEMAFORO, ETC).",CHOQUE LATERAL,MOTOCICLETA,PARTICULAR,1,0,0,0,0,0,0,0,1,0,0,0,0,2,LICENCIA,54,HOMBRE,ILESO,CONDUCTOR,NO,SI
2023,DMQ00412022023,0,0,DMQ,-0.229377,-78.500771,17,PICHINCHA,1701,QUITO,170150,QUITO,VELASCO IBARRA Y REMIGIO CRESPO TORAL,ZONA 9,URBANA,ND,ND,ND,ND,17/02/2023,19:50:00,DE 19H00 A 19H59,19,VIERNES,5,FEBRERO,2,SI,C09,CONDUCIR VEHÍCULO SUPERANDO LOS LÍMITES MÁXIMOS DE VELOCIDAD.,ESTRELLAMIENTOS,AUTOMÓVIL,PARTICULAR,1,0,0,0,0,0,0,0,0,0,0,0,0,1,NO IDENTIFICADO,-1,NO IDENTIFICADO,NO IDENTIFICADO,CONDUCTOR,NO,NO
2023,DMQ00416022023,1,0,DMQ,-0.329224,-78.550448,17,PICHINCHA,1701,QUITO,170150,QUITO,MALDONADO Y NICOLAS SINGLES,ZONA 9,URBANA,ND,ND,ND,ND,17/02/2023,22:00:00,DE 22H00 A 22H59,22,VIERNES,5,FEBRERO,2,SI,C26,NO CEDER EL DERECHO DE VÍA O PREFERENCIA DE PASO AL PEATÓN.,ATROPELLOS,NO IDENTIFICADO,PARTICULAR,0,0,0,0,0,0,0,0,0,1,0,0,0,1,CÉDULA,44,HOMBRE,LESIONADO,PEATÓN,NO,NO
2023,DMQ00422022023,0,0,DMQ,-0.152232,-78.489749,17,PICHINCHA,1701,QUITO,170150,QUITO,PRENSA Y GONZALO SALAZAR,ZONA 9,URBANA,ND,ND,ND,ND,18/02/2023,0:20:00,DE 00H00 A 00H59,0,SÁBADO,6,FEBRERO,2,SI,C06,"CONDUCE BAJO LA INFLUENCIA DE ALCOHOL, SUSTANCIAS ESTUPEFACIENTES O PSICOTRÓPICAS Y/O MEDICAMENTOS.",CHOQUE POSTERIOR,AUTOMÓVIL,PARTICULAR,2,0,0,0,0,0,0,0,0,0,0,0,0,2,LICENCIA,29,HOMBRE,ILESO,CONDUCTOR,NO,NO
2023,DMQ00425022023,0,0,DMQ,-0.170227,-78.479903,17,PICHINCHA,1701,QUITO,170150,QUITO,GASPAR DE VILLARROEL Y SHYRIS,ZONA 9,URBANA,ND,ND,ND,ND,18/02/2023,1:30:00,DE 01H00 A 01H59,1,SÁBADO,6,FEBRERO,2,SI,C23,"NO RESPETAR LAS SEÑALES REGLAMENTARIAS DE TRÁNSITO. (PARE, CEDA EL PASO, LUZ ROJA DEL SEMAFORO, ETC).",CHOQUE LATERAL,AUTOMÓVIL,PARTICULAR,2,0,0,0,0,0,0,0,0,0,0,0,0,2,LICENCIA,53,HOMBRE,ILESO,CONDUCTOR,NO,NO
2023,DMQ00432022023,0,0,DMQ,-0.202657,-78.492477,17,PICHINCHA,1701,QUITO,170150,QUITO,JUAN LEON MERA Y WILSON,ZONA 9,URBANA,ND,ND,ND,ND,18/02/2023,8:20:00,DE 08H00 A 08H59,8,SÁBADO,6,FEBRERO,2,SI,C23,"NO RESPETAR LAS SEÑALES REGLAMENTARIAS DE TRÁNSITO. (PARE, CEDA EL PASO, LUZ ROJA DEL SEMAFORO, ETC).",CHOQUE LATERAL,CAMIONETA,PARTICULAR,1,0,0,0,1,0,0,0,0,0,0,0,0,2,LICENCIA,35,HOMBRE,ILESO,CONDUCTOR,NO,NO
2023,DMQ00442022023,0,0,DMQ,-0.208948,-78.500366,17,PICHINCHA,1701,QUITO,170150,QUITO,BOGOTA Y 10 DE AGOSTO,ZONA 9,URBANA,ND,ND,ND,ND,18/02/2023,16:40:00,DE 16H00 A 16H59,16,SÁBADO,6,FEBRERO,2,SI,C06,"CONDUCE BAJO LA INFLUENCIA DE ALCOHOL, SUSTANCIAS ESTUPEFACIENTES O PSICOTRÓPICAS Y/O MEDICAMENTOS.",ESTRELLAMIENTOS,MOTOCICLETA,PARTICULAR,2,0,0,0,0,0,0,0,1,0,0,0,0,3,LICENCIA,28,HOMBRE,ILESO,CONDUCTOR,NO,NO
2023,PNE00121022023,2,0,PNE,-0.429487,-78.552303,17,PICHINCHA,1703,MEJIA,170356,TAMBILLO (MEJIA),PANAMERICANA  SUR  E35    -,ZONA 2,RURAL,66,TAMBILLO - ESTACION DE PESAJE,E35 - E20,ARTERIAL,18/02/2023,16:45:00,DE 16H00 A 16H59,16,SÁBADO,6,FEBRERO,2,SI,C14,"CONDUCIR DESATENTO A LAS CONDICIONES DE TRÁNSITO (CELULAR, PANTALLAS DE VIDEO, COMIDA, MAQUILLAJE O CUALQUIER OTRO ELEMENTO DISTRACTOR).",CHOQUE POSTERIOR,VEHÍCULO DEPORTIVO UTILITARIO,PARTICULAR,2,0,0,0,0,0,0,0,0,0,0,0,1,3,CÉDULA,56,HOMBRE,LESIONADO,PASAJERO,NO,SI
2023,DMQ00444022023,2,0,DMQ,-0.115995,-78.436704,17,PICHINCHA,1701,QUITO,170155,CALDERON (CARAPUNGO),CARAPUNGO Y GARCIA MORENO,ZONA 9,RURAL,ND,ND,ND,ND,18/02/2023,16:50:00,DE 16H00 A 16H59,16,SÁBADO,6,FEBRERO,2,SI,C09,CONDUCIR VEHÍCULO SUPERANDO LOS LÍMITES MÁXIMOS DE VELOCIDAD.,CHOQUE LATERAL,MOTOCICLETA,PARTICULAR,1,0,0,0,0,0,0,0,1,0,0,0,0,2,LICENCIA,40,HOMBRE,LESIONADO,CONDUCTOR,NO,NO
2023,DMQ00454022023,0,0,DMQ,-0.340771,-78.569161,17,PICHINCHA,1701,QUITO,170150,QUITO,S57I Y OE8G,ZONA 9,URBANA,ND,ND,ND,ND,18/02/2023,21:53:00,DE 21H00 A 21H59,21,SÁBADO,6,FEBRERO,2,SI,C26,NO CEDER EL DERECHO DE VÍA O PREFERENCIA DE PASO AL PEATÓN.,ATROPELLOS,AUTOMÓVIL,PARTICULAR,2,0,0,0,0,0,0,0,0,0,0,0,0,2,LICENCIA,37,HOMBRE,ILESO,CONDUCTOR,NO,NO
2023,DMQ00457022023,2,0,DMQ,-0.287503,-78.578643,17,PICHINCHA,1701,QUITO,170150,QUITO,CARLOS FREILE Y BUENAVENTURA,ZONA 9,URBANA,ND,ND,ND,ND,18/02/2023,22:15:00,DE 22H00 A 22H59,22,SÁBADO,6,FEBRERO,2,SI,C26,NO CEDER EL DERECHO DE VÍA O PREFERENCIA DE PASO AL PEATÓN.,ATROPELLOS,MOTOCICLETA,PARTICULAR,0,0,0,0,0,0,0,0,1,0,0,0,0,1,CÉDULA,24,HOMBRE,LESIONADO,PEATÓN,NO,NO
2023,DMQ00463022023,2,0,DMQ,-0.202749,-78.373271,17,PICHINCHA,1701,QUITO,170184,TUMBACO,OSWALDO GUAYASAMIN Y 200 METROS AL NORTE DEL PUNTE DEL CHICHE,ZONA 9,RURAL,60,QUITO - TUMBACO - PIFO,E28C,COLECTORA,18/02/2023,23:20:00,DE 23H00 A 23H59,23,SÁBADO,6,FEBRERO,2,SI,C06,"CONDUCE BAJO LA INFLUENCIA DE ALCOHOL, SUSTANCIAS ESTUPEFACIENTES O PSICOTRÓPICAS Y/O MEDICAMENTOS.",CHOQUE FRONTAL,MOTOCICLETA,PARTICULAR,0,0,0,0,1,0,0,0,1,0,0,0,0,2,LICENCIA,28,HOMBRE,LESIONADO,CONDUCTOR,NO,NO
2023,PNE00129022023,2,0,PNE,-0.346106,-78.443704,17,PICHINCHA,1705,RUMIÑAHUI,170550,SANGOLQUI,E35-SUR  -  INES  GANGOTENA,ZONA 2,RURAL,65,REDONDEL DEL COLIBRI - TAMBILLO,E35 - E20,ARTERIAL,18/02/2023,23:40:00,DE 23H00 A 23H59,23,SÁBADO,6,FEBRERO,2,SI,C14,"CONDUCIR DESATENTO A LAS CONDICIONES DE TRÁNSITO (CELULAR, PANTALLAS DE VIDEO, COMIDA, MAQUILLAJE O CUALQUIER OTRO ELEMENTO DISTRACTOR).",CHOQUE LATERAL,AUTOMÓVIL,PARTICULAR,1,0,0,0,0,0,0,0,0,0,0,0,0,1,CÉDULA,25,HOMBRE,LESIONADO,PASAJERO,NO,SI
2023,PNE00130022023,2,0,PNE,-0.334869,-78.465532,17,PICHINCHA,1705,RUMIÑAHUI,170550,SANGOLQUI,EL  INCA    -  SAN  MIGUEL  1,ZONA 2,URBANA,ND,ND,ND,ND,19/02/2023,0:30:00,DE 00H00 A 00H59,0,DOMINGO,7,FEBRERO,2,SI,C14,"CONDUCIR DESATENTO A LAS CONDICIONES DE TRÁNSITO (CELULAR, PANTALLAS DE VIDEO, COMIDA, MAQUILLAJE O CUALQUIER OTRO ELEMENTO DISTRACTOR).",CHOQUE LATERAL,MOTOCICLETA,PARTICULAR,1,0,0,0,0,0,0,0,1,0,0,0,0,2,LICENCIA,47,HOMBRE,LESIONADO,CONDUCTOR,NO,SI
2023,DMQ00467022023,0,0,DMQ,-0.148341,-78.475406,17,PICHINCHA,1701,QUITO,170150,QUITO,6 DE DICIEMBRE Y DE LAS HORTENSIAS,ZONA 9,URBANA,ND,ND,ND,ND,19/02/2023,2:40:00,DE 02H00 A 02H59,2,DOMINGO,7,FEBRERO,2,SI,C03,"CONDUCIR EN ESTADO DE SOMNOLENCIA O MALAS CONDICIONES FÍSICAS (SUEÑO, CANSANCIO Y FATIGA).",ESTRELLAMIENTOS,AUTOMÓVIL,PARTICULAR,1,0,0,0,0,0,0,0,0,0,0,0,0,1,NO IDENTIFICADO,-1,NO IDENTIFICADO,NO IDENTIFICADO,CONDUCTOR,NO,NO
2023,DMQ00470022023,0,2,DMQ,-0.232621,-78.503724,17,PICHINCHA,1701,QUITO,170150,QUITO,VELASCO IBARRA Y PICHINCHA,ZONA 9,URBANA,ND,ND,ND,ND,19/02/2023,5:40:00,DE 05H00 A 05H59,5,DOMINGO,7,FEBRERO,2,SI,C09,CONDUCIR VEHÍCULO SUPERANDO LOS LÍMITES MÁXIMOS DE VELOCIDAD.,ESTRELLAMIENTOS,MOTOCICLETA,PARTICULAR,0,0,0,0,0,0,0,0,1,0,0,0,0,1,LICENCIA,30,HOMBRE,FALLECIDO,CONDUCTOR,NO,NO
2023,DMQ00471022023,0,0,DMQ,-0.220541,-78.467251,17,PICHINCHA,1701,QUITO,170150,QUITO,SIMON BOLIVAR Y 200 METROS AL SUR DE LA IMPORTADORA CUÑAS,ZONA 9,URBANA,ND,ND,ND,ND,19/02/2023,5:45:00,DE 05H00 A 05H59,5,DOMINGO,7,FEBRERO,2,SI,C09,CONDUCIR VEHÍCULO SUPERANDO LOS LÍMITES MÁXIMOS DE VELOCIDAD.,ESTRELLAMIENTOS,AUTOMÓVIL,PARTICULAR,1,0,0,0,0,0,0,0,0,0,0,0,0,1,NO IDENTIFICADO,-1,NO IDENTIFICADO,NO IDENTIFICADO,CONDUCTOR,NO,NO
2023,PNE00140022023,2,0,PNE,0.021795,-78.617105,17,PICHINCHA,1701,QUITO,170171,NONO,km  36  +700  -  via  calacali  la  independencia,ZONA 9,RURAL,54,CALACALI - SAN TADEO,E28,COLECTORA,19/02/2023,13:45:00,DE 13H00 A 13H59,13,DOMINGO,7,FEBRERO,2,SI,C23,"NO RESPETAR LAS SEÑALES REGLAMENTARIAS DE TRÁNSITO. (PARE, CEDA EL PASO, LUZ ROJA DEL SEMAFORO, ETC).",CHOQUE LATERAL,AUTOMÓVIL,PARTICULAR,1,0,0,0,0,0,0,0,0,0,0,0,0,1,CÉDULA,1,HOMBRE,LESIONADO,PASAJERO,NO,SI
2023,PNE00142022023,1,0,PNE,-0.357053,-78.436979,17,PICHINCHA,1705,RUMIÑAHUI,170550,SANGOLQUI,AV.  URBINA  JADO    -  ALFREDO  ALBORNOZ,ZONA 2,URBANA,ND,ND,ND,ND,19/02/2023,18:30:00,DE 18H00 A 18H59,18,DOMINGO,7,FEBRERO,2,SI,C26,NO CEDER EL DERECHO DE VÍA O PREFERENCIA DE PASO AL PEATÓN.,ARROLLAMIENTOS,NO IDENTIFICADO,PARTICULAR,0,0,0,0,0,0,0,0,0,1,0,0,0,1,NO IDENTIFICADO,23,MUJER,LESIONADO,PEATÓN,NO,SI
2023,DMQ00480022023,0,0,DMQ,-0.230444,-78.482463,17,PICHINCHA,1701,QUITO,170150,QUITO,ALFONSO MORA Y S2E,ZONA 9,URBANA,ND,ND,ND,ND,19/02/2023,18:30:00,DE 18H00 A 18H59,18,DOMINGO,7,FEBRERO,2,SI,C09,CONDUCIR VEHÍCULO SUPERANDO LOS LÍMITES MÁXIMOS DE VELOCIDAD.,ESTRELLAMIENTOS,AUTOMÓVIL,PARTICULAR,2,0,0,0,0,0,0,0,0,0,0,0,0,2,LICENCIA,72,HOMBRE,ILESO,CONDUCTOR,NO,NO
2023,DMQ00482022023,0,0,DMQ,-0.080965,-78.444618,17,PICHINCHA,1701,QUITO,170155,CALDERON (CARAPUNGO),DE LAS VIÑAS Y DE LAS NUECES,ZONA 9,RURAL,ND,ND,ND,ND,19/02/2023,20:00:00,DE 20H00 A 20H59,20,DOMINGO,7,FEBRERO,2,SI,C06,"CONDUCE BAJO LA INFLUENCIA DE ALCOHOL, SUSTANCIAS ESTUPEFACIENTES O PSICOTRÓPICAS Y/O MEDICAMENTOS.",CHOQUE LATERAL,AUTOMÓVIL,PARTICULAR,2,0,0,0,0,0,0,0,0,0,0,0,0,2,LICENCIA,54,HOMBRE,ILESO,CONDUCTOR,NO,NO
2023,DMQ00486022023,2,0,DMQ,-0.255245,-78.522884,17,PICHINCHA,1701,QUITO,170150,QUITO,MORASPUNGO Y TEODORO GOMEZ DE LA TORRE,ZONA 9,URBANA,ND,ND,ND,ND,19/02/2023,20:40:00,DE 20H00 A 20H59,20,DOMINGO,7,FEBRERO,2,SI,C19,REALIZAR CAMBIO BRUSCO O INDEBIDO DE CARRIL.,CHOQUE FRONTAL,MOTOCICLETA,PARTICULAR,0,0,0,0,0,0,0,0,1,1,0,0,0,2,LICENCIA,29,HOMBRE,LESIONADO,CONDUCTOR,NO,NO
2023,DMQ00490022023,0,0,DMQ,-0.261769,-78.495669,17,PICHINCHA,1701,QUITO,170156,CONOCOTO,CAMILO PONCE ENRIQUEZ Y FERNANDEZ DE HEREDIA,ZONA 9,RURAL,ND,ND,ND,ND,19/02/2023,23:00:00,DE 23H00 A 23H59,23,DOMINGO,7,FEBRERO,2,SI,C09,CONDUCIR VEHÍCULO SUPERANDO LOS LÍMITES MÁXIMOS DE VELOCIDAD.,ESTRELLAMIENTOS,AUTOMÓVIL,PARTICULAR,1,0,0,0,0,0,0,0,0,0,0,0,0,1,NO IDENTIFICADO,-1,NO IDENTIFICADO,NO IDENTIFICADO,CONDUCTOR,NO,NO
2023,PNE00158022023,3,0,PNE,-0.503324,-78.572952,17,PICHINCHA,1703,MEJIA,170350,MACHACHI,PANAMERICANA  SUR  Y  CALLE  D    -,ZONA 2,RURAL,68,ALOAG (OBELISCO) - PUENTE JAMBELI,E35,ARTERIAL,20/02/2023,6:15:00,DE 06H00 A 06H59,6,LUNES,1,FEBRERO,2,SI,C14,"CONDUCIR DESATENTO A LAS CONDICIONES DE TRÁNSITO (CELULAR, PANTALLAS DE VIDEO, COMIDA, MAQUILLAJE O CUALQUIER OTRO ELEMENTO DISTRACTOR).",ESTRELLAMIENTOS,CAMIÓN,PARTICULAR,0,0,0,1,0,0,0,0,0,0,0,0,0,1,NO IDENTIFICADO,8,HOMBRE,LESIONADO,PASAJERO,NO,SI
2023,DMQ00501022023,1,0,DMQ,-0.190435,-78.481689,17,PICHINCHA,1701,QUITO,170150,QUITO,6 DE DICIEMBRE Y SHYRIS,ZONA 9,URBANA,ND,ND,ND,ND,20/02/2023,7:30:00,DE 07H00 A 07H59,7,LUNES,1,FEBRERO,2,SI,C26,NO CEDER EL DERECHO DE VÍA O PREFERENCIA DE PASO AL PEATÓN.,ATROPELLOS,AUTOMÓVIL,PARTICULAR,1,0,0,0,0,0,0,0,0,0,0,0,0,1,CÉDULA,56,HOMBRE,LESIONADO,PEATÓN,NO,NO
2023,DMQ00502022023,1,1,DMQ,-0.283008,-78.494165,17,PICHINCHA,1701,QUITO,170156,CONOCOTO,PRINCESA TOA Y PACHACUTEC,ZONA 9,RURAL,ND,ND,ND,ND,20/02/2023,7:30:00,DE 07H00 A 07H59,7,LUNES,1,FEBRERO,2,SI,C07,"PEATÓN TRANSITA BAJO INFLUENCIA DE ALCOHOL, SUSTANCIAS ESTUPEFACIENTES O PSICOTRÓPICAS Y/O MEDICAMENTOS.",ATROPELLOS,MOTOCICLETA,PARTICULAR,0,0,0,0,0,0,0,0,1,0,0,0,0,1,NO IDENTIFICADO,47,HOMBRE,FALLECIDO,PEATÓN,NO,NO
2023,DMQ00504022023,0,0,DMQ,-0.211691,-78.429051,17,PICHINCHA,1701,QUITO,170157,CUMBAYA,MIGUEL ANGEL Y SIENA,ZONA 9,RURAL,ND,ND,ND,ND,20/02/2023,9:30:00,DE 09H00 A 09H59,9,LUNES,1,FEBRERO,2,SI,C23,"NO RESPETAR LAS SEÑALES REGLAMENTARIAS DE TRÁNSITO. (PARE, CEDA EL PASO, LUZ ROJA DEL SEMAFORO, ETC).",CHOQUE FRONTAL,CAMIONETA,PARTICULAR,1,0,0,0,1,0,0,0,0,0,0,0,0,2,LICENCIA,26,HOMBRE,ILESO,CONDUCTOR,NO,NO
2023,DMQ00508022023,1,0,DMQ,-0.250417,-78.537592,17,PICHINCHA,1701,QUITO,170150,QUITO,MARISCAL SUCRE Y EL CANELO,ZONA 9,URBANA,ND,ND,ND,ND,20/02/2023,12:23:00,DE 12H00 A 12H59,12,LUNES,1,FEBRERO,2,SI,C26,NO CEDER EL DERECHO DE VÍA O PREFERENCIA DE PASO AL PEATÓN.,ATROPELLOS,AUTOMÓVIL,PARTICULAR,1,0,0,0,0,0,0,0,0,0,0,0,0,1,CÉDULA,39,MUJER,LESIONADO,PEATÓN,NO,NO
2023,PNE00161022023,1,0,PNE,-0.341293,-78.447441,17,PICHINCHA,1705,RUMIÑAHUI,170550,SANGOLQUI,AV.  SHIRYS  -  TELLO,ZONA 2,URBANA,ND,ND,ND,ND,20/02/2023,12:30:00,DE 12H00 A 12H59,12,LUNES,1,FEBRERO,2,SI,C14,"CONDUCIR DESATENTO A LAS CONDICIONES DE TRÁNSITO (CELULAR, PANTALLAS DE VIDEO, COMIDA, MAQUILLAJE O CUALQUIER OTRO ELEMENTO DISTRACTOR).",CHOQUE FRONTAL,MOTOCICLETA,PARTICULAR,0,0,0,0,0,0,0,0,1,0,0,0,1,2,NO IDENTIFICADO,39,HOMBRE,LESIONADO,CONDUCTOR,NO,SI