ANIO,SINIESTROS,LESIONADOS,FALLECIDOS,ENTE_DE_CONTROL,LATITUD_Y,LONGITUD_X,DPA_1,PROVINCIA,DPA_2,CANTON,DPA_3,PARROQUIA,DIRECCION,ZONA_PLANIFICACION,ZONA,ID_DE_LA_VIA,NOMBRE_DE_LA_VIA,UBICACION_DE_LA_VIA,JERARQUIA_DE_LA_VIA,FECHA,HORA,PERIODO_1,PERIODO_2,DIA_1,DIA_2,MES_1,MES_2,FERIADO,CODIGO_CAUSA,CAUSA_PROBABLE,TIPO_DE_SINIESTRO,TIPO_DE_VEHICULO_1,SERVICIO_1,AUTOMOVIL,BICICLETA,BUS,CAMION,CAMIONETA,EMERGENCIAS,ESPECIAL,FURGONETA,MOTOCICLETA,NO_IDENTIFICADO,SCOOTER_ELECTRICO,TRICIMOTO,VEHICULO_DEPORTIVO_UTILITARIO,SUMA_DE_VEHICULOS,TIPO_ID_1,EDAD_1,SEXO_1,CONDICION_1,PARTICIPANTE_1,CASCO_1,CINTURON_1
2023,DMQ00509022023,0,0,DMQ,-0.280361,-78.556691,17,PICHINCHA,1701,QUITO,170150,QUITO,CARLOS FREILE Y FRANCISCO CHIRIBOGA,ZONA 9,URBANA,ND,ND,ND,ND,20/02/2023,12:45:00,DE 12H00 A 12H59,12,LUNES,1,FEBRERO,2,SI,C09,CONDUCIR VEHÍCULO SUPERANDO LOS LÍMITES MÁXIMOS DE VELOCIDAD.,CHOQUE LATERAL,AUTOMÓVIL,PARTICULAR,2,0,0,0,0,0,0,0,0,0,0,0,0,2,LICENCIA,39,HOMBRE,ILESO,CONDUCTOR,NO,NO
2023,PNE00163022023,0,0,PNE,0.051428,-78.680437,17,PICHINCHA,1701,QUITO,170169,NANEGALITO,KM  38+  800    VIA  CALACALI  LA  INDEPENDENCIA    -,ZONA 9,RURAL,54,CALACALI - SAN TADEO,E28,COLECTORA,20/02/2023,14:45:00,DE 14H00 A 14H59,14,LUNES,1,FEBRERO,2,SI,C02,"PRESENCIA DE AGENTES EXTERNOS EN LA VÍA (AGUA, ACEITE, PIEDRA, LASTRE, ESCOMBROS, MADEROS, ETC.).",CHOQUE FRONTAL,FURGONETA,PARTICULAR,0,0,0,0,0,0,0,1,0,0,0,0,0,1,LICENCIA,53,HOMBRE,ILESO,CONDUCTOR,NO,SI
2023,DMQ00517022023,1,0,DMQ,-0.157747,-78.477165,17,PICHINCHA,1701,QUITO,170150,QUITO,6 DE DICIEMBRE Y PIO VALDIVIESO,ZONA 9,URBANA,ND,ND,ND,ND,20/02/2023,19:24:00,DE 19H00 A 19H59,19,LUNES,1,FEBRERO,2,SI,C11,NO MANTENER LA DISTANCIA PRUDENCIAL CON RESPECTO AL VEHÍCULO QUE LE ANTECEDE.,CHOQUE POSTERIOR,MOTOCICLETA,PARTICULAR,1,0,0,0,0,0,0,0,1,0,0,0,0,2,LICENCIA,23,HOMBRE,LESIONADO,CONDUCTOR,NO,NO
2023,PNE00166022023,0,1,PNE,-0.130672,-78.310142,17,PICHINCHA,1701,QUITO,170159,CHECA (CHILPA),E35  NORTE    -  KM  229+950M,ZONA 9,RURAL,62,CUSUBAMBA - PIFO,E35,ARTERIAL,20/02/2023,22:30:00,DE 22H00 A 22H59,22,LUNES,1,FEBRERO,2,SI,C10,"CONDICIONES AMBIENTALES Y/O ATMOSFÉRICAS (NIEBLA, NEBLINA, GRANIZO, LLUVIA).",CHOQUE FRONTAL,CAMIÓN,PARTICULAR,0,0,0,1,1,0,0,0,0,0,0,0,0,2,LICENCIA,28,HOMBRE,FALLECIDO,CONDUCTOR,NO,SI
2023,DMQ00524022023,0,0,DMQ,-0.197032,-78.466866,17,PICHINCHA,1701,QUITO,170150,QUITO,SIMON BOLIVAR Y DE LOS CONQUISTADORES,ZONA 9,URBANA,ND,ND,ND,ND,21/02/2023,7:05:00,DE 07H00 A 07H59,7,MARTES,2,FEBRERO,2,SI,C09,CONDUCIR VEHÍCULO SUPERANDO LOS LÍMITES MÁXIMOS DE VELOCIDAD.,ESTRELLAMIENTOS,AUTOMÓVIL,PARTICULAR,1,0,0,0,0,0,0,0,0,0,0,0,0,1,NO IDENTIFICADO,-1,NO IDENTIFICADO,NO IDENTIFICADO,CONDUCTOR,NO,NO
2023,DMQ00528022023,0,0,DMQ,-0.308631,-78.559901,17,PICHINCHA,1701,QUITO,170150,QUITO,MARTIN ICAZA Y LA ECUATORIANA,ZONA 9,URBANA,ND,ND,ND,ND,21/02/2023,11:45:00,DE 11H00 A 11H59,11,MARTES,2,FEBRERO,2,SI,C09,CONDUCIR VEHÍCULO SUPERANDO LOS LÍMITES MÁXIMOS DE VELOCIDAD.,ATROPELLOS,MOTOCICLETA,PARTICULAR,0,0,0,0,0,0,0,0,1,0,0,0,0,1,CÉDULA,91,HOMBRE,ILESO,PEATÓN,NO,NO
2023,PNE00173022023,0,1,PNE,-0.499621,-78.547631,17,PICHINCHA,1703,MEJIA,170350,MACHACHI,Fernandez  Salvador  -  VIA  A  LA  TESALIA,ZONA 2,URBANA,ND,ND,ND,ND,21/02/2023,21:30:00,DE 21H00 A 21H59,21,MARTES,2,FEBRERO,2,SI,C21,MALAS CONDICIONES DE LA VÍA Y/O CONFIGURACIÓN. (ILUMINACIÓN Y DISEÑO).,ARROLLAMIENTOS,NO IDENTIFICADO,PARTICULAR,0,0,0,0,0,0,0,0,0,1,0,0,0,1,CÉDULA,45,HOMBRE,FALLECIDO,PEATÓN,NO,SI
2023,DMQ00541022023,0,0,DMQ,-0.116774,-78.473212,17,PICHINCHA,1701,QUITO,170150,QUITO,ELOY ALFARO Y DE LOS EUCALIPTOS,ZONA 9,URBANA,ND,ND,ND,ND,22/02/2023,5:00:00,DE 05H00 A 05H59,5,MIÉRCOLES,3,FEBRERO,2,NO,C09,CONDUCIR VEHÍCULO SUPERANDO LOS LÍMITES MÁXIMOS DE VELOCIDAD.,ESTRELLAMIENTOS,AUTOMÓVIL,PARTICULAR,1,0,0,0,0,0,0,0,0,0,0,0,0,1,LICENCIA,33,HOMBRE,ILESO,CONDUCTOR,NO,NO
2023,DMQ00542022023,0,0,DMQ,-0.190859,-78.457715,17,PICHINCHA,1701,QUITO,170150,QUITO,INTEROCEANICA Y SIMON BOLIVAR,ZONA 9,URBANA,60,QUITO - TUMBACO - PIFO,E28C,COLECTORA,22/02/2023,5:55:00,DE 05H00 A 05H59,5,MIÉRCOLES,3,FEBRERO,2,NO,C10,"CONDICIONES AMBIENTALES Y/O ATMOSFÉRICAS (NIEBLA, NEBLINA, GRANIZO, LLUVIA).",CHOQUE LATERAL,CAMIONETA,PARTICULAR,1,0,0,0,1,0,0,0,0,0,0,0,0,2,LICENCIA,41,HOMBRE,ILESO,CONDUCTOR,NO,NO
2023,DMQ00544022023,1,0,DMQ,-0.168826,-78.469614,17,PICHINCHA,1701,QUITO,170150,QUITO,ELOY ALFARO Y JOSE QUERI,ZONA 9,URBANA,ND,ND,ND,ND,22/02/2023,7:58:00,DE 07H00 A 07H59,7,MIÉRCOLES,3,FEBRERO,2,NO,C25,NO CEDER EL DERECHO DE VÍA O PREFERENCIA DE PASO A VEHÍCULOS.,ATROPELLOS,MOTOCICLETA,PARTICULAR,0,0,0,0,0,0,0,0,1,0,0,0,0,1,CÉDULA,62,MUJER,LESIONADO,PEATÓN,NO,NO
2023,DMQ00547022023,2,0,DMQ,-0.190897,-78.458363,17,PICHINCHA,1701,QUITO,170150,QUITO,INTEROCEANICA Y DIAGONAL A PLANTA DE ASFALTO,ZONA 9,URBANA,60,QUITO - TUMBACO - PIFO,E28C,COLECTORA,22/02/2023,10:30:00,DE 10H00 A 10H59,10,MIÉRCOLES,3,FEBRERO,2,NO,C10,"CONDICIONES AMBIENTALES Y/O ATMOSFÉRICAS (NIEBLA, NEBLINA, GRANIZO, LLUVIA).",CHOQUE LATERAL,AUTOMÓVIL,PARTICULAR,2,0,0,0,0,0,0,0,0,0,0,0,0,2,LICENCIA,47,HOMBRE,LESIONADO,CONDUCTOR,NO,NO
2023,DMQ00561022023,0,0,DMQ,-0.154351,-78.473224,17,PICHINCHA,1701,QUITO,170150,QUITO,EL INCA Y DE LAS TORONJAS,ZONA 9,URBANA,ND,ND,ND,ND,23/02/2023,11:07:00,DE 11H00 A 11H59,11,JUEVES,4,FEBRERO,2,NO,C25,NO CEDER EL DERECHO DE VÍA O PREFERENCIA DE PASO A VEHÍCULOS.,CHOQUE LATERAL,MOTOCICLETA,PARTICULAR,1,0,0,0,0,0,0,0,1,0,0,0,0,2,LICENCIA,41,HOMBRE,ILESO,CONDUCTOR,NO,NO
2023,DMQ00562022023,0,0,DMQ,-0.195909,-78.494897,17,PICHINCHA,1701,QUITO,170150,QUITO,10 DE AGOSTO Y ORELLANA,ZONA 9,URBANA,ND,ND,ND,ND,23/02/2023,13:15:00,DE 13H00 A 13H59,13,JUEVES,4,FEBRERO,2,NO,C23,"NO RESPETAR LAS SEÑALES REGLAMENTARIAS DE TRÁNSITO. (PARE, CEDA EL PASO, LUZ ROJA DEL SEMAFORO, ETC).",CHOQUE LATERAL,AUTOMÓVIL,PARTICULAR,2,0,0,0,0,0,0,0,0,0,0,0,0,2,LICENCIA,56,MUJER,ILESO,CONDUCTOR,NO,NO
2023,PNE00188022023,0,1,PNE,0.025442,-78.152868,17,PICHINCHA,1702,CAYAMBE,170250,CAYAMBE,PANAMERICANA  NORTE  E35    -  S/C,ZONA 2,RURAL,61,CAJAS - CAYAMBE - OTON - SANTA ROSA DE CUSUBAMBA,E35,ARTERIAL,24/02/2023,1:00:00,DE 01H00 A 01H59,1,VIERNES,5,FEBRERO,2,NO,C19,REALIZAR CAMBIO BRUSCO O INDEBIDO DE CARRIL.,CHOQUE LATERAL,VEHÍCULO DEPORTIVO UTILITARIO,PARTICULAR,0,0,0,0,0,0,0,0,0,0,0,0,1,1,LICENCIA,30,HOMBRE,FALLECIDO,CONDUCTOR,NO,SI
2023,DMQ00573022023,1,0,DMQ,-0.365095,-78.375638,17,PICHINCHA,1701,QUITO,170176,PINTAG,GENERAL PINTAG Y HACIENDA LA CLEMENCIA,ZONA 9,RURAL,ND,ND,ND,ND,24/02/2023,8:20:00,DE 08H00 A 08H59,8,VIERNES,5,FEBRERO,2,NO,C09,CONDUCIR VEHÍCULO SUPERANDO LOS LÍMITES MÁXIMOS DE VELOCIDAD.,ATROPELLOS,MOTOCICLETA,PARTICULAR,0,0,0,0,0,0,0,0,1,0,0,0,0,1,CÉDULA,52,HOMBRE,LESIONADO,PEATÓN,NO,NO
2023,DMQ00583022023,0,1,DMQ,-0.214812,-78.490261,17,PICHINCHA,1701,QUITO,170150,QUITO,VELASCO IBARRA Y MANUEL CAJIAS,ZONA 9,URBANA,ND,ND,ND,ND,24/02/2023,21:25:00,DE 21H00 A 21H59,21,VIERNES,5,FEBRERO,2,NO,C19,REALIZAR CAMBIO BRUSCO O INDEBIDO DE CARRIL.,CHOQUE LATERAL,MOTOCICLETA,PARTICULAR,1,0,0,0,0,0,0,0,1,0,0,0,0,2,LICENCIA,37,HOMBRE,FALLECIDO,CONDUCTOR,NO,NO
2023,DMQ00584022023,3,0,DMQ,-0.292224,-78.481691,17,PICHINCHA,1701,QUITO,170156,CONOCOTO,CAMILO PONCE ENRIQUEZ Y JAIME ROLDOS AGUILERA,ZONA 9,RURAL,ND,ND,ND,ND,24/02/2023,21:45:00,DE 21H00 A 21H59,21,VIERNES,5,FEBRERO,2,NO,C12,NO GUARDAR LA DISTANCIA LATERAL MÍNIMA DE SEGURIDAD ENTRE VEHÍCULOS.,CHOQUE LATERAL,MOTOCICLETA,PARTICULAR,0,0,0,0,0,0,0,0,1,1,0,0,0,2,CÉDULA,35,HOMBRE,LESIONADO,PASAJERO,NO,NO
2023,DMQ00586022023,1,0,DMQ,-0.064447,-78.468325,17,PICHINCHA,1701,QUITO,170177,POMASQUI,CUBA Y PARAISO,ZONA 9,RURAL,ND,ND,ND,ND,24/02/2023,23:20:00,DE 23H00 A 23H59,23,VIERNES,5,FEBRERO,2,NO,C06,"CONDUCE BAJO LA INFLUENCIA DE ALCOHOL, SUSTANCIAS ESTUPEFACIENTES O PSICOTRÓPICAS Y/O MEDICAMENTOS.",CHOQUE LATERAL,CAMIONETA,PARTICULAR,1,0,0,0,1,0,0,0,0,0,0,0,0,2,LICENCIA,24,HOMBRE,LESIONADO,CONDUCTOR,NO,NO
2023,DMQ00587022023,0,0,DMQ,-0.202832,-78.438181,17,PICHINCHA,1701,QUITO,170157,CUMBAYA,OSWALDO GUAYASAMIN Y ELOY ALFARO,ZONA 9,RURAL,60,QUITO - TUMBACO - PIFO,E28C,COLECTORA,24/02/2023,23:40:00,DE 23H00 A 23H59,23,VIERNES,5,FEBRERO,2,NO,C09,CONDUCIR VEHÍCULO SUPERANDO LOS LÍMITES MÁXIMOS DE VELOCIDAD.,ESTRELLAMIENTOS,AUTOMÓVIL,PARTICULAR,1,0,0,0,0,0,0,0,0,0,0,0,0,1,NO IDENTIFICADO,-1,NO IDENTIFICADO,NO IDENTIFICADO,CONDUCTOR,NO,NO
2023,DMQ00588022023,0,0,DMQ,-0.276343,-78.530468,17,PICHINCHA,1701,QUITO,170150,QUITO,MALDONADO Y GUANAZAN,ZONA 9,URBANA,ND,ND,ND,ND,24/02/2023,23:45:00,DE 23H00 A 23H59,23,VIERNES,5,FEBRERO,2,NO,C09,CONDUCIR VEHÍCULO SUPERANDO LOS LÍMITES MÁXIMOS DE VELOCIDAD.,ESTRELLAMIENTOS,AUTOMÓVIL,PARTICULAR,1,0,0,0,0,0,0,0,0,0,0,0,0,1,NO IDENTIFICADO,-1,NO IDENTIFICADO,NO IDENTIFICADO,CONDUCTOR,NO,NO
2023,DMQ00592022023,0,0,DMQ,-0.192511,-78.454821,17,PICHINCHA,1701,QUITO,170170,NAYON,SIMON BOLIVAR Y INTEROCEANICA,ZONA 9,URBANA,ND,ND,ND,ND,25/02/2023,5:30:00,DE 05H00 A 05H59,5,SÁBADO,6,FEBRERO,2,NO,C09,CONDUCIR VEHÍCULO SUPERANDO LOS LÍMITES MÁXIMOS DE VELOCIDAD.,ESTRELLAMIENTOS,AUTOMÓVIL,PARTICULAR,1,0,0,0,0,0,0,0,0,0,0,0,0,1,NO IDENTIFICADO,-1,NO IDENTIFICADO,NO IDENTIFICADO,CONDUCTOR,NO,NO
2023,DMQ00593022023,2,0,DMQ,-0.213919,-78.360221,17,PICHINCHA,1701,QUITO,170179,PUEMBO,OSWALDO GUAYASAMIN Y INTEROCEANICA,ZONA 9,RURAL,60,QUITO - TUMBACO - PIFO,E28C,COLECTORA,25/02/2023,6:35:00,DE 06H00 A 06H59,6,SÁBADO,6,FEBRERO,2,NO,C23,"NO RESPETAR LAS SEÑALES REGLAMENTARIAS DE TRÁNSITO. (PARE, CEDA EL PASO, LUZ ROJA DEL SEMAFORO, ETC).",CHOQUE LATERAL,MOTOCICLETA,PARTICULAR,0,0,0,0,0,0,0,0,2,0,0,0,0,2,LICENCIA,26,HOMBRE,LESIONADO,CONDUCTOR,NO,NO
2023,DMQ00596022023,0,0,DMQ,-0.221482,-78.495261,17,PICHINCHA,1701,QUITO,170150,QUITO,VELASCO IBARRA Y FRENTE A LA GASOLINERA TERPEL,ZONA 9,URBANA,ND,ND,ND,ND,25/02/2023,8:55:00,DE 08H00 A 08H59,8,SÁBADO,6,FEBRERO,2,NO,C09,CONDUCIR VEHÍCULO SUPERANDO LOS LÍMITES MÁXIMOS DE VELOCIDAD.,ESTRELLAMIENTOS,AUTOMÓVIL,PARTICULAR,1,0,0,0,0,0,0,0,0,0,0,0,0,1,NO IDENTIFICADO,-1,NO IDENTIFICADO,NO IDENTIFICADO,CONDUCTOR,NO,NO
2023,DMQ00601022023,0,0,DMQ,-0.265498,-78.547226,17,PICHINCHA,1701,QUITO,170150,QUITO,HUIGRA Y CHUMUNDE,ZONA 9,URBANA,ND,ND,ND,ND,25/02/2023,13:00:00,DE 13H00 A 13H59,13,SÁBADO,6,FEBRERO,2,NO,C12,NO GUARDAR LA DISTANCIA LATERAL MÍNIMA DE SEGURIDAD ENTRE VEHÍCULOS.,CHOQUE LATERAL,AUTOMÓVIL,PARTICULAR,2,0,0,0,0,0,0,0,0,0,0,0,0,2,LICENCIA,30,HOMBRE,ILESO,CONDUCTOR,NO,NO
2023,DMQ00603022023,0,0,DMQ,-0.171492,-78.485464,17,PICHINCHA,1701,QUITO,170150,QUITO,JORGE DROM Y ALFONSO PEREIRA,ZONA 9,URBANA,ND,ND,ND,ND,25/02/2023,13:40:00,DE 13H00 A 13H59,13,SÁBADO,6,FEBRERO,2,NO,C23,"NO RESPETAR LAS SEÑALES REGLAMENTARIAS DE TRÁNSITO. (PARE, CEDA EL PASO, LUZ ROJA DEL SEMAFORO, ETC).",CHOQUE LATERAL,FURGONETA,PARTICULAR,1,0,0,0,0,0,0,1,0,0,0,0,0,2,LICENCIA,44,MUJER,ILESO,CONDUCTOR,NO,NO
2023,DMQ00612022023,0,0,DMQ,-0.274455,-78.510637,17,PICHINCHA,1701,QUITO,170150,QUITO,SIMON BOLIVAR Y GUASUNTOS,ZONA 9,URBANA,ND,ND,ND,ND,25/02/2023,23:10:00,DE 23H00 A 23H59,23,SÁBADO,6,FEBRERO,2,NO,C09,CONDUCIR VEHÍCULO SUPERANDO LOS LÍMITES MÁXIMOS DE VELOCIDAD.,ESTRELLAMIENTOS,AUTOMÓVIL,PARTICULAR,1,0,0,0,0,0,0,0,0,0,0,0,0,1,NO IDENTIFICADO,-1,NO IDENTIFICADO,NO IDENTIFICADO,CONDUCTOR,NO,NO
2023,DMQ00613022023,0,0,DMQ,-0.254827,-78.503815,17,PICHINCHA,1701,QUITO,170150,QUITO,SIMON BOLIVAR Y POMPEYA,ZONA 9,URBANA,ND,ND,ND,ND,26/02/2023,0:00:00,DE 00H00 A 00H59,0,DOMINGO,7,FEBRERO,2,NO,C09,CONDUCIR VEHÍCULO SUPERANDO LOS LÍMITES MÁXIMOS DE VELOCIDAD.,ESTRELLAMIENTOS,AUTOMÓVIL,PARTICULAR,1,0,0,0,0,0,0,0,0,0,0,0,0,1,NO IDENTIFICADO,-1,NO IDENTIFICADO,NO IDENTIFICADO,CONDUCTOR,NO,NO
2023,PNE00208022023,0,0,PNE,-0.043131,-78.287043,17,PICHINCHA,1702,CAYAMBE,170255,SANTA ROSA DE CUZUBAMBA,E28  B  KM  6+800  -,ZONA 2,RURAL,70,SANTA ROSA DE CUSUBAMBA - GUAYLLABAMBA,E283,COLECTORA,26/02/2023,2:30:00,DE 02H00 A 02H59,2,DOMINGO,7,FEBRERO,2,NO,C14,"CONDUCIR DESATENTO A LAS CONDICIONES DE TRÁNSITO (CELULAR, PANTALLAS DE VIDEO, COMIDA, MAQUILLAJE O CUALQUIER OTRO ELEMENTO DISTRACTOR).",ESTRELLAMIENTOS,CAMIONETA,PARTICULAR,0,0,0,0,1,0,0,0,0,0,0,0,0,1,NO IDENTIFICADO,-1,HOMBRE,NO IDENTIFICADO,CONDUCTOR,NO,SI
2023,DMQ00618022023,0,0,DMQ,-0.300119,-78.558794,17,PICHINCHA,1701,QUITO,170150,QUITO,MARISCAL SUCRE Y GUAYANAY ÑAN,ZONA 9,URBANA,ND,ND,ND,ND,26/02/2023,3:20:00,DE 03H00 A 03H59,3,DOMINGO,7,FEBRERO,2,NO,C06,"CONDUCE BAJO LA INFLUENCIA DE ALCOHOL, SUSTANCIAS ESTUPEFACIENTES O PSICOTRÓPICAS Y/O MEDICAMENTOS.",ESTRELLAMIENTOS,CAMIONETA,PARTICULAR,2,0,0,0,1,0,0,0,0,0,0,0,0,3,LICENCIA,27,HOMBRE,ILESO,CONDUCTOR,NO,NO
2023,DMQ00621022023,0,0,DMQ,-0.136532,-78.473539,17,PICHINCHA,1701,QUITO,170150,QUITO,6 DE DICIEMBRE Y DE LOS PINOS,ZONA 9,URBANA,ND,ND,ND,ND,26/02/2023,5:05:00,DE 05H00 A 05H59,5,DOMINGO,7,FEBRERO,2,NO,C09,CONDUCIR VEHÍCULO SUPERANDO LOS LÍMITES MÁXIMOS DE VELOCIDAD.,ESTRELLAMIENTOS,AUTOMÓVIL,PARTICULAR,1,0,0,0,0,0,0,0,0,0,0,0,0,1,NO IDENTIFICADO,-1,NO IDENTIFICADO,NO IDENTIFICADO,CONDUCTOR,NO,NO
2023,PNE00210022023,2,0,PNE,-0.321337,-78.450043,17,PICHINCHA,1705,RUMIÑAHUI,170550,SANGOLQUI,AV.  GENERAL  ENRIQUEZ  -  JIPIJAPA,ZONA 2,URBANA,ND,ND,ND,ND,26/02/2023,9:30:00,DE 09H00 A 09H59,9,DOMINGO,7,FEBRERO,2,NO,C14,"CONDUCIR DESATENTO A LAS CONDICIONES DE TRÁNSITO (CELULAR, PANTALLAS DE VIDEO, COMIDA, MAQUILLAJE O CUALQUIER OTRO ELEMENTO DISTRACTOR).",CHOQUE LATERAL,MOTOCICLETA,PARTICULAR,0,0,0,0,0,0,0,0,1,0,0,0,1,2,LICENCIA,25,HOMBRE,LESIONADO,CONDUCTOR,NO,SI
2023,DMQ00627022023,2,0,DMQ,-0.114141,-78.512825,17,PICHINCHA,1701,QUITO,170150,QUITO,VIA NONO Y N70H,ZONA 9,URBANA,ND,ND,ND,ND,26/02/2023,11:30:00,DE 11H00 A 11H59,11,DOMINGO,7,FEBRERO,2,NO,C09,CONDUCIR VEHÍCULO SUPERANDO LOS LÍMITES MÁXIMOS DE VELOCIDAD.,CHOQUE FRONTAL,MOTOCICLETA,PARTICULAR,1,0,0,0,0,0,0,0,1,0,0,0,0,2,CÉDULA,75,HOMBRE,LESIONADO,PASAJERO,NO,NO
2023,DMQ00628022023,1,0,DMQ,-0.222341,-78.401474,17,PICHINCHA,1701,QUITO,170184,TUMBACO,RUTA VIVA Y KILOMETRO 8,ZONA 9,RURAL,ND,ND,ND,ND,26/02/2023,11:30:00,DE 11H00 A 11H59,11,DOMINGO,7,FEBRERO,2,NO,C26,NO CEDER EL DERECHO DE VÍA O PREFERENCIA DE PASO AL PEATÓN.,ATROPELLOS,NO IDENTIFICADO,PARTICULAR,0,0,0,0,0,0,0,0,0,1,0,0,0,1,NO IDENTIFICADO,22,HOMBRE,LESIONADO,PEATÓN,NO,NO
2023,DMQ00637022023,0,0,DMQ,-0.141625,-78.496396,17,PICHINCHA,1701,QUITO,170150,QUITO,MACHALA Y JOSE HERBOSO,ZONA 9,URBANA,ND,ND,ND,ND,26/02/2023,20:30:00,DE 20H00 A 20H59,20,DOMINGO,7,FEBRERO,2,NO,C06,"CONDUCE BAJO LA INFLUENCIA DE ALCOHOL, SUSTANCIAS ESTUPEFACIENTES O PSICOTRÓPICAS Y/O MEDICAMENTOS.",ESTRELLAMIENTOS,MOTOCICLETA,PARTICULAR,1,0,0,0,0,0,0,0,2,0,0,0,0,3,LICENCIA,24,HOMBRE,ILESO,CONDUCTOR,NO,NO
2023,DMQ00643022023,0,0,DMQ,-0.278321,-78.523036,17,PICHINCHA,1701,QUITO,170150,QUITO,CARACOL Y CALUMA,ZONA 9,URBANA,ND,ND,ND,ND,27/02/2023,6:30:00,DE 06H00 A 06H59,6,LUNES,1,FEBRERO,2,NO,C05,"FALLA MECÁNICA EN LOS SISTEMAS Y/O NEÚMATICOS (SISTEMA DE FRENOS, DIRECCIÓN, ELÉCTRÓNICO O MECÁNICO).",ESTRELLAMIENTOS,AUTOMÓVIL,PARTICULAR,1,0,0,0,0,0,0,0,0,0,0,0,0,1,NO IDENTIFICADO,-1,NO IDENTIFICADO,NO IDENTIFICADO,CONDUCTOR,NO,NO
2023,DMQ00644022023,1,0,DMQ,-0.343089,-78.567597,17,PICHINCHA,1701,QUITO,170150,QUITO,OE8C Y S61,ZONA 9,URBANA,ND,ND,ND,ND,27/02/2023,7:00:00,DE 07H00 A 07H59,7,LUNES,1,FEBRERO,2,NO,C16,NO TRANSITAR POR LAS ACERAS O ZONAS DE SEGURIDAD DESTINADAS PARA EL EFECTO.,ATROPELLOS,MOTOCICLETA,PARTICULAR,0,0,0,0,0,0,0,0,1,0,0,0,0,1,CÉDULA,32,MUJER,LESIONADO,PEATÓN,NO,NO
2023,DMQ00645022023,1,0,DMQ,-0.291971,-78.546175,17,PICHINCHA,1701,QUITO,170150,QUITO,QUITUMBE ÑAN Y AMARU ÑAN,ZONA 9,URBANA,ND,ND,ND,ND,27/02/2023,9:00:00,DE 09H00 A 09H59,9,LUNES,1,FEBRERO,2,NO,C16,NO TRANSITAR POR LAS ACERAS O ZONAS DE SEGURIDAD DESTINADAS PARA EL EFECTO.,ATROPELLOS,MOTOCICLETA,PARTICULAR,0,0,0,0,0,0,0,0,1,0,0,0,0,1,CÉDULA,70,MUJER,LESIONADO,PEATÓN,NO,NO
2023,DMQ00646022023,0,0,DMQ,-0.314808,-78.536142,17,PICHINCHA,1701,QUITO,170150,QUITO,E4D Y CASA ESQUINERA DE TRES PISOS EN CONSTRUCCION,ZONA 9,URBANA,ND,ND,ND,ND,27/02/2023,9:50:00,DE 09H00 A 09H59,9,LUNES,1,FEBRERO,2,NO,C09,CONDUCIR VEHÍCULO SUPERANDO LOS LÍMITES MÁXIMOS DE VELOCIDAD.,CHOQUE LATERAL,AUTOMÓVIL,PARTICULAR,2,0,0,0,0,0,0,0,0,0,0,0,0,2,LICENCIA,44,MUJER,ILESO,CONDUCTOR,NO,NO
2023,DMQ00648022023,1,0,DMQ,-0.122256,-78.495576,17,PICHINCHA,1701,QUITO,170150,QUITO,PEDRO FREILE Y RIGOBERTO HEREDIA,ZONA 9,URBANA,ND,ND,ND,ND,27/02/2023,13:45:00,DE 13H00 A 13H59,13,LUNES,1,FEBRERO,2,NO,C23,"NO RESPETAR LAS SEÑALES REGLAMENTARIAS DE TRÁNSITO. (PARE, CEDA EL PASO, LUZ ROJA DEL SEMAFORO, ETC).",CHOQUE LATERAL,MOTOCICLETA,PARTICULAR,1,0,0,0,0,0,0,0,1,0,0,0,0,2,LICENCIA,58,HOMBRE,LESIONADO,CONDUCTOR,NO,NO
2023,PNE00213022023,0,0,PNE,-0.252456,-78.482646,17,PICHINCHA,1701,QUITO,170150,QUITO,AUTOPISTA  GENERAL  RUMINAHUI  -,ZONA 9,RURAL,ND,ND,ND,ND,27/02/2023,19:50:00,DE 19H00 A 19H59,19,LUNES,1,FEBRERO,2,NO,C09,CONDUCIR VEHÍCULO SUPERANDO LOS LÍMITES MÁXIMOS DE VELOCIDAD.,CHOQUE POSTERIOR,VEHÍCULO DEPORTIVO UTILITARIO,PARTICULAR,0,0,0,0,0,0,0,0,0,0,0,0,2,2,LICENCIA,28,HOMBRE,ILESO,CONDUCTOR,NO,SI
2023,CTE00476022023,0,0,CTE,-0.387792,-78.815556,17,PICHINCHA,1703,MEJIA,170355,MANUEL CORNEJO ASTORGA,RED. ESTATAL E-20 KM 51 SENTIDO SANTO DOMINGO- ALOAG.,ZONA 2,RURAL,332,TANDAPI - LIMITE PROVINCIAL ENTRE PICHINCHA Y SANTO DOMINGO,E20,ARTERIAL,28/02/2023,5:10:00,DE 05H00 A 05H59,5,MARTES,2,FEBRERO,2,NO,C14,"CONDUCIR DESATENTO A LAS CONDICIONES DE TRÁNSITO (CELULAR, PANTALLAS DE VIDEO, COMIDA, MAQUILLAJE O CUALQUIER OTRO ELEMENTO DISTRACTOR).",ESTRELLAMIENTOS,AUTOMÓVIL,PARTICULAR,1,0,0,0,0,0,0,0,0,0,0,0,0,1,NO IDENTIFICADO,-1,HOMBRE,NO IDENTIFICADO,CONDUCTOR,NO,NO