ANIO,SINIESTROS,LESIONADOS,FALLECIDOS,ENTE_DE_CONTROL,LATITUD_Y,LONGITUD_X,DPA_1,PROVINCIA,DPA_2,CANTON,DPA_3,PARROQUIA,DIRECCION,ZONA_PLANIFICACION,ZONA,ID_DE_LA_VIA,NOMBRE_DE_LA_VIA,UBICACION_DE_LA_VIA,JERARQUIA_DE_LA_VIA,FECHA,HORA,PERIODO_1,PERIODO_2,DIA_1,DIA_2,MES_1,MES_2,FERIADO,CODIGO_CAUSA,CAUSA_PROBABLE,TIPO_DE_SINIESTRO,TIPO_DE_VEHICULO_1,SERVICIO_1,AUTOMOVIL,BICICLETA,BUS,CAMION,CAMIONETA,EMERGENCIAS,ESPECIAL,FURGONETA,MOTOCICLETA,NO_IDENTIFICADO,SCOOTER_ELECTRICO,TRICIMOTO,VEHICULO_DEPORTIVO_UTILITARIO,SUMA_DE_VEHICULOS,TIPO_ID_1,EDAD_1,SEXO_1,CONDICION_1,PARTICIPANTE_1,CASCO_1,CINTURON_1
2023,DMQ00237032023,0,0,DMQ,-0.321412,-78.537661,17,PICHINCHA,1701,QUITO,170150,QUITO,E4F Y S50,ZONA 9,URBANA,ND,ND,ND,ND,11/3/2023,13:00:00,DE 13H00 A 13H59,13,SÁBADO,6,MARZO,3,NO,C09,CONDUCIR VEHÍCULO SUPERANDO LOS LÍMITES MÁXIMOS DE VELOCIDAD.,ESTRELLAMIENTOS,AUTOMÓVIL,PARTICULAR,1,0,0,0,0,0,0,0,0,0,0,0,0,1,NO IDENTIFICADO,-1,NO IDENTIFICADO,NO IDENTIFICADO,CONDUCTOR,NO,NO
2023,CTE00153032023,0,0,CTE,-0.442257,-78.721044,17,PICHINCHA,1703,MEJIA,170355,MANUEL CORNEJO ASTORGA,RED. ESTATAL E-20 KM 30 + 950 SENTIDO ALOAG ¿ SANTO DOMINGO,ZONA 2,RURAL,331,ALOAG (OBELISCO) - TANDAPI,E20,ARTERIAL,11/3/2023,13:15:00,DE 13H00 A 13H59,13,SÁBADO,6,MARZO,3,NO,C11,NO MANTENER LA DISTANCIA PRUDENCIAL CON RESPECTO AL VEHÍCULO QUE LE ANTECEDE.,CHOQUE POSTERIOR,CAMIONETA,PARTICULAR,1,0,0,0,1,0,0,0,0,0,0,0,0,2,LICENCIA,28,HOMBRE,ILESO,CONDUCTOR,NO,NO
2023,DMQ00243032023,1,0,DMQ,-0.193017,-78.490212,17,PICHINCHA,1701,QUITO,170150,QUITO,ELOY ALFARO Y POLONIA,ZONA 9,URBANA,ND,ND,ND,ND,11/3/2023,15:50:00,DE 15H00 A 15H59,15,SÁBADO,6,MARZO,3,NO,C10,"CONDICIONES AMBIENTALES Y/O ATMOSFÉRICAS (NIEBLA, NEBLINA, GRANIZO, LLUVIA).",CHOQUE LATERAL,MOTOCICLETA,PARTICULAR,1,0,0,0,0,0,0,0,1,0,0,0,0,2,LICENCIA,34,HOMBRE,LESIONADO,CONDUCTOR,NO,NO
2023,DMQ00244032023,0,0,DMQ,-0.284298,-78.488858,17,PICHINCHA,1701,QUITO,170156,CONOCOTO,CAMILO PONCE ENRIQUEZ Y SALVADOR ALLENDE,ZONA 9,RURAL,ND,ND,ND,ND,11/3/2023,16:00:00,DE 16H00 A 16H59,16,SÁBADO,6,MARZO,3,NO,C06,"CONDUCE BAJO LA INFLUENCIA DE ALCOHOL, SUSTANCIAS ESTUPEFACIENTES O PSICOTRÓPICAS Y/O MEDICAMENTOS.",CHOQUE POSTERIOR,CAMIONETA,PARTICULAR,1,0,0,0,1,0,0,0,0,0,0,0,0,2,LICENCIA,42,HOMBRE,ILESO,CONDUCTOR,NO,NO
2023,DMQ00245032023,0,0,DMQ,-0.187201,-78.495858,17,PICHINCHA,1701,QUITO,170150,QUITO,AMERICA Y MARIANA DE JESUS,ZONA 9,URBANA,ND,ND,ND,ND,11/3/2023,16:07:00,DE 16H00 A 16H59,16,SÁBADO,6,MARZO,3,NO,C06,"CONDUCE BAJO LA INFLUENCIA DE ALCOHOL, SUSTANCIAS ESTUPEFACIENTES O PSICOTRÓPICAS Y/O MEDICAMENTOS.",CHOQUE POSTERIOR,AUTOMÓVIL,PARTICULAR,2,0,0,0,0,0,0,0,0,0,0,0,0,2,LICENCIA,54,HOMBRE,ILESO,CONDUCTOR,NO,NO
2023,DMQ00248032023,0,0,DMQ,-0.272736,-78.519806,17,PICHINCHA,1701,QUITO,170150,QUITO,CATACOCHA Y LA PEAÑA,ZONA 9,URBANA,ND,ND,ND,ND,11/3/2023,17:00:00,DE 17H00 A 17H59,17,SÁBADO,6,MARZO,3,NO,C09,CONDUCIR VEHÍCULO SUPERANDO LOS LÍMITES MÁXIMOS DE VELOCIDAD.,CHOQUE LATERAL,AUTOMÓVIL,PARTICULAR,2,0,0,0,0,0,0,0,0,0,0,0,0,2,LICENCIA,68,HOMBRE,ILESO,CONDUCTOR,NO,NO
2023,DMQ00249032023,0,0,DMQ,-0.210952,-78.369198,17,PICHINCHA,1701,QUITO,170179,PUEMBO,RUTA VIVA Y OSWALDO GUAYASAMIN,ZONA 9,RURAL,ND,ND,ND,ND,11/3/2023,17:20:00,DE 17H00 A 17H59,17,SÁBADO,6,MARZO,3,NO,C19,REALIZAR CAMBIO BRUSCO O INDEBIDO DE CARRIL.,CHOQUE POSTERIOR,AUTOMÓVIL,PARTICULAR,2,0,0,0,0,0,0,0,0,0,0,0,0,2,LICENCIA,48,HOMBRE,ILESO,CONDUCTOR,NO,NO
2023,DMQ00253032023,0,0,DMQ,-0.165402,-78.466556,17,PICHINCHA,1701,QUITO,170150,QUITO,GRANADOS Y GABRIELA MARINA,ZONA 9,URBANA,ND,ND,ND,ND,11/3/2023,19:05:00,DE 19H00 A 19H59,19,SÁBADO,6,MARZO,3,NO,C09,CONDUCIR VEHÍCULO SUPERANDO LOS LÍMITES MÁXIMOS DE VELOCIDAD.,ESTRELLAMIENTOS,AUTOMÓVIL,PARTICULAR,1,0,0,0,0,0,0,0,0,0,0,0,0,1,NO IDENTIFICADO,-1,NO IDENTIFICADO,NO IDENTIFICADO,CONDUCTOR,NO,NO
2023,PNE00062032023,1,0,PNE,0.026811,-78.151148,17,PICHINCHA,1702,CAYAMBE,170250,CAYAMBE,EJE  VIAL  E35  CALLE  NATALYA  JARRIN  -,ZONA 2,URBANA,61,CAJAS - CAYAMBE - OTON - SANTA ROSA DE CUSUBAMBA,E35,ARTERIAL,11/3/2023,20:00:00,DE 20H00 A 20H59,20,SÁBADO,6,MARZO,3,NO,C23,"NO RESPETAR LAS SEÑALES REGLAMENTARIAS DE TRÁNSITO. (PARE, CEDA EL PASO, LUZ ROJA DEL SEMAFORO, ETC).",ATROPELLOS,NO IDENTIFICADO,PARTICULAR,0,0,0,0,0,0,0,0,0,1,0,0,0,1,CÉDULA,13,HOMBRE,LESIONADO,PEATÓN,NO,SI
2023,PNE00063032023,3,0,PNE,-0.133579,-78.312084,17,PICHINCHA,1701,QUITO,170159,CHECA (CHILPA),E35  NORTE    -  KILOMETRO    227+950,ZONA 9,URBANA,62,CUSUBAMBA - PIFO,E35,ARTERIAL,11/3/2023,20:10:00,DE 20H00 A 20H59,20,SÁBADO,6,MARZO,3,NO,C06,"CONDUCE BAJO LA INFLUENCIA DE ALCOHOL, SUSTANCIAS ESTUPEFACIENTES O PSICOTRÓPICAS Y/O MEDICAMENTOS.",CHOQUE FRONTAL,AUTOMÓVIL,PARTICULAR,2,0,0,0,0,0,0,0,0,0,0,0,0,2,CÉDULA,0,HOMBRE,LESIONADO,PASAJERO,NO,SI
2023,DMQ00256032023,1,0,DMQ,-0.282286,-78.466778,17,PICHINCHA,1701,QUITO,170156,CONOCOTO,ALFREDO GANGOTENA Y CHARLES DARWIN,ZONA 9,RURAL,ND,ND,ND,ND,11/3/2023,21:45:00,DE 21H00 A 21H59,21,SÁBADO,6,MARZO,3,NO,C06,"CONDUCE BAJO LA INFLUENCIA DE ALCOHOL, SUSTANCIAS ESTUPEFACIENTES O PSICOTRÓPICAS Y/O MEDICAMENTOS.",CHOQUE LATERAL,CAMIONETA,PARTICULAR,1,0,0,0,1,0,0,0,0,0,0,0,0,2,LICENCIA,35,MUJER,LESIONADO,CONDUCTOR,NO,NO
2023,DMQ00268032023,2,1,DMQ,-0.107312,-78.502735,17,PICHINCHA,1701,QUITO,170150,QUITO,MARISCAL SUCRE Y JOSE MIGUEL CARRION,ZONA 9,URBANA,ND,ND,ND,ND,12/3/2023,7:30:00,DE 07H00 A 07H59,7,DOMINGO,7,MARZO,3,NO,C09,CONDUCIR VEHÍCULO SUPERANDO LOS LÍMITES MÁXIMOS DE VELOCIDAD.,ESTRELLAMIENTOS,AUTOMÓVIL,PARTICULAR,1,0,0,0,0,0,0,0,0,0,0,0,0,1,CÉDULA,21,MUJER,FALLECIDO,PASAJERO,NO,NO
2023,DMQ00274032023,1,0,DMQ,-0.280394,-78.556713,17,PICHINCHA,1701,QUITO,170150,QUITO,CARLOS FREIRE Y FRANCISCO CHIRIBOGA,ZONA 9,URBANA,ND,ND,ND,ND,12/3/2023,12:40:00,DE 12H00 A 12H59,12,DOMINGO,7,MARZO,3,NO,C26,NO CEDER EL DERECHO DE VÍA O PREFERENCIA DE PASO AL PEATÓN.,ARROLLAMIENTOS,NO IDENTIFICADO,PARTICULAR,0,0,0,0,0,0,0,0,0,1,0,0,0,1,CÉDULA,4,MUJER,LESIONADO,PEATÓN,NO,NO
2023,DMQ00275032023,1,0,DMQ,-0.276154,-78.543191,17,PICHINCHA,1701,QUITO,170150,QUITO,CUSUBAMBA Y ALBERTO SPENCER,ZONA 9,URBANA,ND,ND,ND,ND,12/3/2023,12:55:00,DE 12H00 A 12H59,12,DOMINGO,7,MARZO,3,NO,C06,"CONDUCE BAJO LA INFLUENCIA DE ALCOHOL, SUSTANCIAS ESTUPEFACIENTES O PSICOTRÓPICAS Y/O MEDICAMENTOS.",CHOQUE LATERAL,MOTOCICLETA,PARTICULAR,1,0,0,0,0,0,0,0,1,0,0,0,0,2,LICENCIA,31,HOMBRE,LESIONADO,CONDUCTOR,NO,NO
2023,DMQ00279032023,0,0,DMQ,-0.101211,-78.448066,17,PICHINCHA,1701,QUITO,170155,CALDERON (CARAPUNGO),GIOVANNI CALLES Y EL ARENAL,ZONA 9,RURAL,ND,ND,ND,ND,12/3/2023,13:33:00,DE 13H00 A 13H59,13,DOMINGO,7,MARZO,3,NO,C23,"NO RESPETAR LAS SEÑALES REGLAMENTARIAS DE TRÁNSITO. (PARE, CEDA EL PASO, LUZ ROJA DEL SEMAFORO, ETC).",CHOQUE FRONTAL,AUTOMÓVIL,PARTICULAR,2,0,0,0,0,0,0,0,0,0,0,0,0,2,LICENCIA,45,HOMBRE,ILESO,CONDUCTOR,NO,NO
2023,DMQ00280032023,0,0,DMQ,-0.207866,-78.493323,17,PICHINCHA,1701,QUITO,170150,QUITO,FRANCISCO ROBLES Y LEONIDAS PLAZA GUTIERREZ,ZONA 9,URBANA,ND,ND,ND,ND,12/3/2023,14:30:00,DE 14H00 A 14H59,14,DOMINGO,7,MARZO,3,NO,C10,"CONDICIONES AMBIENTALES Y/O ATMOSFÉRICAS (NIEBLA, NEBLINA, GRANIZO, LLUVIA).",CHOQUE LATERAL,AUTOMÓVIL,PARTICULAR,2,0,0,0,0,0,0,0,0,0,0,0,0,2,LICENCIA,32,HOMBRE,ILESO,CONDUCTOR,NO,NO
2023,PNE00069032023,1,0,PNE,-0.022316,-78.452272,17,PICHINCHA,1701,QUITO,170180,SAN ANTONIO (QUITO),AV.  MANUEL  CORDOVA  GALARZA  -  UNASUR,ZONA 9,RURAL,52,QUITO - POMASQUI - REDONDEL MITAD DEL MUNDO,E28,COLECTORA,13/03/2023,9:00:00,DE 09H00 A 09H59,9,LUNES,1,MARZO,3,NO,C14,"CONDUCIR DESATENTO A LAS CONDICIONES DE TRÁNSITO (CELULAR, PANTALLAS DE VIDEO, COMIDA, MAQUILLAJE O CUALQUIER OTRO ELEMENTO DISTRACTOR).",CHOQUE POSTERIOR,MOTOCICLETA,PARTICULAR,1,0,0,0,0,0,0,0,1,0,0,0,0,2,LICENCIA,19,HOMBRE,LESIONADO,CONDUCTOR,NO,SI
2023,DMQ00296032023,1,0,DMQ,-0.215961,-78.499921,17,PICHINCHA,1701,QUITO,170150,QUITO,LUIS SODIRO Y LOS RIOS,ZONA 9,URBANA,ND,ND,ND,ND,13/03/2023,12:35:00,DE 12H00 A 12H59,12,LUNES,1,MARZO,3,NO,C25,NO CEDER EL DERECHO DE VÍA O PREFERENCIA DE PASO A VEHÍCULOS.,CHOQUE LATERAL,MOTOCICLETA,PARTICULAR,1,0,0,0,0,0,0,0,1,0,0,0,0,2,LICENCIA,31,HOMBRE,LESIONADO,CONDUCTOR,NO,NO
2023,DMQ00297032023,1,0,DMQ,-0.199473,-78.448239,17,PICHINCHA,1701,QUITO,170157,CUMBAYA,BERNARDO DE LEGARDA Y CESAR BORJA,ZONA 9,RURAL,ND,ND,ND,ND,13/03/2023,12:50:00,DE 12H00 A 12H59,12,LUNES,1,MARZO,3,NO,C10,"CONDICIONES AMBIENTALES Y/O ATMOSFÉRICAS (NIEBLA, NEBLINA, GRANIZO, LLUVIA).",CHOQUE LATERAL,MOTOCICLETA,PARTICULAR,1,0,0,0,0,0,0,0,1,0,0,0,0,2,LICENCIA,32,HOMBRE,LESIONADO,CONDUCTOR,NO,NO
2023,DMQ00298032023,0,0,DMQ,-0.203602,-78.490561,17,PICHINCHA,1701,QUITO,170150,QUITO,MARISCAL FOCH Y DIEGO DE ALMAGRO,ZONA 9,URBANA,ND,ND,ND,ND,13/03/2023,13:00:00,DE 13H00 A 13H59,13,LUNES,1,MARZO,3,NO,C10,"CONDICIONES AMBIENTALES Y/O ATMOSFÉRICAS (NIEBLA, NEBLINA, GRANIZO, LLUVIA).",CHOQUE LATERAL,AUTOMÓVIL,PARTICULAR,2,0,0,0,0,0,0,0,0,0,0,0,0,2,LICENCIA,36,HOMBRE,ILESO,CONDUCTOR,NO,NO
2023,DMQ00303032023,1,0,DMQ,-0.238137,-78.528667,17,PICHINCHA,1701,QUITO,170150,QUITO,DE LOS LIBERTADORES Y MARISCAL SUCRE,ZONA 9,URBANA,ND,ND,ND,ND,13/03/2023,13:50:00,DE 13H00 A 13H59,13,LUNES,1,MARZO,3,NO,C16,NO TRANSITAR POR LAS ACERAS O ZONAS DE SEGURIDAD DESTINADAS PARA EL EFECTO.,ATROPELLOS,AUTOMÓVIL,PARTICULAR,1,0,0,0,0,0,0,0,0,0,0,0,0,1,CÉDULA,82,HOMBRE,LESIONADO,PEATÓN,NO,NO
2023,DMQ00311032023,0,0,DMQ,-0.232761,-78.448602,17,PICHINCHA,1701,QUITO,170157,CUMBAYA,PADRE JUAN PALOMINO Y RIO SAN PEDRO,ZONA 9,RURAL,ND,ND,ND,ND,13/03/2023,20:00:00,DE 20H00 A 20H59,20,LUNES,1,MARZO,3,NO,C10,"CONDICIONES AMBIENTALES Y/O ATMOSFÉRICAS (NIEBLA, NEBLINA, GRANIZO, LLUVIA).",CHOQUE POSTERIOR,MOTOCICLETA,PARTICULAR,0,0,0,0,0,0,0,0,1,1,0,0,0,2,LICENCIA,36,HOMBRE,ILESO,CONDUCTOR,NO,NO
2023,DMQ00316032023,1,0,DMQ,-0.302519,-78.480261,17,PICHINCHA,1701,QUITO,170156,CONOCOTO,ILALO Y JOSE JOAQUIN DE OLMEDO,ZONA 9,RURAL,ND,ND,ND,ND,14/03/2023,6:20:00,DE 06H00 A 06H59,6,MARTES,2,MARZO,3,NO,C23,"NO RESPETAR LAS SEÑALES REGLAMENTARIAS DE TRÁNSITO. (PARE, CEDA EL PASO, LUZ ROJA DEL SEMAFORO, ETC).",CHOQUE LATERAL,FURGONETA,PARTICULAR,0,0,0,0,0,0,0,1,0,1,0,0,0,2,LICENCIA,26,HOMBRE,LESIONADO,CONDUCTOR,NO,NO
2023,DMQ00317032023,0,0,DMQ,-0.192147,-78.454503,17,PICHINCHA,1701,QUITO,170150,QUITO,SIMON BOLIVAR Y PERLA QUITEÑA,ZONA 9,URBANA,ND,ND,ND,ND,14/03/2023,6:43:00,DE 06H00 A 06H59,6,MARTES,2,MARZO,3,NO,C10,"CONDICIONES AMBIENTALES Y/O ATMOSFÉRICAS (NIEBLA, NEBLINA, GRANIZO, LLUVIA).",ESTRELLAMIENTOS,AUTOMÓVIL,PARTICULAR,1,0,0,0,0,0,0,0,0,0,0,0,0,1,LICENCIA,39,HOMBRE,ILESO,CONDUCTOR,NO,NO
2023,PNE00072032023,0,0,PNE,-0.518181,-78.573492,17,PICHINCHA,1703,MEJIA,170350,MACHACHI,BARRIGA  -  CESAR  CALVACHE,ZONA 2,RURAL,ND,ND,ND,ND,14/03/2023,10:40:00,DE 10H00 A 10H59,10,MARTES,2,MARZO,3,NO,C14,"CONDUCIR DESATENTO A LAS CONDICIONES DE TRÁNSITO (CELULAR, PANTALLAS DE VIDEO, COMIDA, MAQUILLAJE O CUALQUIER OTRO ELEMENTO DISTRACTOR).",CHOQUE LATERAL,CAMIÓN,PARTICULAR,0,0,0,1,0,0,0,0,1,0,0,0,0,2,LICENCIA,62,HOMBRE,ILESO,CONDUCTOR,NO,SI
2023,DMQ00323032023,2,0,DMQ,-0.162753,-78.478481,17,PICHINCHA,1701,QUITO,170150,QUITO,SHYRIS Y RIO COCA,ZONA 9,URBANA,ND,ND,ND,ND,14/03/2023,13:30:00,DE 13H00 A 13H59,13,MARTES,2,MARZO,3,NO,C16,NO TRANSITAR POR LAS ACERAS O ZONAS DE SEGURIDAD DESTINADAS PARA EL EFECTO.,ATROPELLOS,AUTOMÓVIL,PARTICULAR,1,0,0,0,0,0,0,0,0,0,0,0,0,1,CÉDULA,41,MUJER,LESIONADO,PEATÓN,NO,NO
2023,PNE00074032023,1,0,PNE,-0.366199,-78.550776,17,PICHINCHA,1703,MEJIA,170353,CUTUGLAHUA,PANAMERICANA  SUR  AV.  PEDRO  VICENTE  MALDONADO    -,ZONA 2,URBANA,56,TAMBILLO - CUTUGLAGUA,E28A,COLECTORA,15/03/2023,0:10:00,DE 00H00 A 00H59,0,MIÉRCOLES,3,MARZO,3,NO,C14,"CONDUCIR DESATENTO A LAS CONDICIONES DE TRÁNSITO (CELULAR, PANTALLAS DE VIDEO, COMIDA, MAQUILLAJE O CUALQUIER OTRO ELEMENTO DISTRACTOR).",ATROPELLOS,AUTOMÓVIL,PARTICULAR,1,0,0,0,0,0,0,0,0,0,0,0,0,1,CÉDULA,31,HOMBRE,LESIONADO,PEATÓN,NO,SI
2023,DMQ00332032023,1,0,DMQ,-0.215817,-78.489863,17,PICHINCHA,1701,QUITO,170150,QUITO,LA CONDAMINE Y MANUEL CAJIAS,ZONA 9,URBANA,ND,ND,ND,ND,15/03/2023,7:15:00,DE 07H00 A 07H59,7,MIÉRCOLES,3,MARZO,3,NO,C16,NO TRANSITAR POR LAS ACERAS O ZONAS DE SEGURIDAD DESTINADAS PARA EL EFECTO.,ATROPELLOS,AUTOMÓVIL,PARTICULAR,1,0,0,0,0,0,0,0,0,0,0,0,0,1,CÉDULA,16,MUJER,LESIONADO,PEATÓN,NO,NO
2023,DMQ00338032023,1,0,DMQ,-0.264034,-78.537036,17,PICHINCHA,1701,QUITO,170150,QUITO,AJAVI Y GASPAR ESPARZA,ZONA 9,URBANA,ND,ND,ND,ND,15/03/2023,16:10:00,DE 16H00 A 16H59,16,MIÉRCOLES,3,MARZO,3,NO,C25,NO CEDER EL DERECHO DE VÍA O PREFERENCIA DE PASO A VEHÍCULOS.,CHOQUE LATERAL,MOTOCICLETA,PARTICULAR,1,0,0,0,0,0,0,0,1,0,0,0,0,2,LICENCIA,19,HOMBRE,LESIONADO,CONDUCTOR,NO,NO
2023,DMQ00339032023,0,0,DMQ,-0.103644,-78.491511,17,PICHINCHA,1701,QUITO,170150,QUITO,PRENSA Y NOGALES,ZONA 9,URBANA,ND,ND,ND,ND,15/03/2023,17:20:00,DE 17H00 A 17H59,17,MIÉRCOLES,3,MARZO,3,NO,C23,"NO RESPETAR LAS SEÑALES REGLAMENTARIAS DE TRÁNSITO. (PARE, CEDA EL PASO, LUZ ROJA DEL SEMAFORO, ETC).",CHOQUE LATERAL,MOTOCICLETA,PARTICULAR,1,0,0,0,0,0,0,0,1,0,0,0,0,2,LICENCIA,29,HOMBRE,ILESO,CONDUCTOR,NO,NO
2023,DMQ00342032023,0,1,DMQ,-0.314161,-78.545283,17,PICHINCHA,1701,QUITO,170150,QUITO,E2 Y S47,ZONA 9,URBANA,ND,ND,ND,ND,15/03/2023,22:30:00,DE 22H00 A 22H59,22,MIÉRCOLES,3,MARZO,3,NO,C03,"CONDUCIR EN ESTADO DE SOMNOLENCIA O MALAS CONDICIONES FÍSICAS (SUEÑO, CANSANCIO Y FATIGA).",ESTRELLAMIENTOS,AUTOMÓVIL,PARTICULAR,3,0,0,0,0,0,0,0,0,0,0,0,0,3,LICENCIA,66,HOMBRE,FALLECIDO,CONDUCTOR,NO,NO
2023,DMQ00348032023,0,0,DMQ,-0.212437,-78.488558,17,PICHINCHA,1701,QUITO,170150,QUITO,TOLEDO Y LADRON DE GUEVARA,ZONA 9,URBANA,ND,ND,ND,ND,16/03/2023,11:00:00,DE 11H00 A 11H59,11,JUEVES,4,MARZO,3,NO,C19,REALIZAR CAMBIO BRUSCO O INDEBIDO DE CARRIL.,CHOQUE LATERAL,AUTOMÓVIL,PARTICULAR,2,0,0,0,0,0,0,0,0,0,0,0,0,2,LICENCIA,30,HOMBRE,ILESO,CONDUCTOR,NO,NO
2023,DMQ00353032023,0,0,DMQ,-0.187801,-78.487645,17,PICHINCHA,1701,QUITO,170150,QUITO,AMAZONAS Y REPUBLICA,ZONA 9,URBANA,ND,ND,ND,ND,16/03/2023,14:06:00,DE 14H00 A 14H59,14,JUEVES,4,MARZO,3,NO,C23,"NO RESPETAR LAS SEÑALES REGLAMENTARIAS DE TRÁNSITO. (PARE, CEDA EL PASO, LUZ ROJA DEL SEMAFORO, ETC).",CHOQUE LATERAL,MOTOCICLETA,PARTICULAR,1,0,0,0,0,0,0,0,1,0,0,0,0,2,LICENCIA,38,HOMBRE,ILESO,CONDUCTOR,NO,NO
2023,DMQ00359032023,1,0,DMQ,-0.221277,-78.518568,17,PICHINCHA,1701,QUITO,170150,QUITO,24 DE MAYO Y IMBABURA,ZONA 9,URBANA,ND,ND,ND,ND,16/03/2023,18:00:00,DE 18H00 A 18H59,18,JUEVES,4,MARZO,3,NO,C16,NO TRANSITAR POR LAS ACERAS O ZONAS DE SEGURIDAD DESTINADAS PARA EL EFECTO.,ATROPELLOS,MOTOCICLETA,PARTICULAR,0,0,0,0,0,0,0,0,1,0,0,0,0,1,CÉDULA,12,HOMBRE,LESIONADO,PEATÓN,NO,NO
2023,DMQ00361032023,5,0,DMQ,-0.297881,-78.524656,17,PICHINCHA,1701,QUITO,170150,QUITO,E8G Y S34D,ZONA 9,URBANA,ND,ND,ND,ND,16/03/2023,20:47:00,DE 20H00 A 20H59,20,JUEVES,4,MARZO,3,NO,C09,CONDUCIR VEHÍCULO SUPERANDO LOS LÍMITES MÁXIMOS DE VELOCIDAD.,CHOQUE FRONTAL,AUTOMÓVIL,PARTICULAR,2,0,0,0,0,0,0,0,0,0,0,0,0,2,LICENCIA,25,HOMBRE,LESIONADO,CONDUCTOR,NO,NO
2023,DMQ00376032023,1,0,DMQ,-0.210235,-78.502346,17,PICHINCHA,1701,QUITO,170150,QUITO,MANUEL LARREA Y BUENOS AIRES,ZONA 9,URBANA,ND,ND,ND,ND,17/03/2023,21:25:00,DE 21H00 A 21H59,21,VIERNES,5,MARZO,3,NO,C09,CONDUCIR VEHÍCULO SUPERANDO LOS LÍMITES MÁXIMOS DE VELOCIDAD.,CHOQUE LATERAL,CAMIONETA,PARTICULAR,1,0,0,0,1,0,0,0,0,0,0,0,0,2,CÉDULA,19,HOMBRE,LESIONADO,PASAJERO,NO,NO
2023,DMQ00378032023,0,0,DMQ,-0.116862,-78.452906,17,PICHINCHA,1701,QUITO,170155,CALDERON (CARAPUNGO),SIMON BOLIVAR Y ENTRADA A PUEBLO BLANCO,ZONA 9,RURAL,ND,ND,ND,ND,17/03/2023,23:10:00,DE 23H00 A 23H59,23,VIERNES,5,MARZO,3,NO,C11,NO MANTENER LA DISTANCIA PRUDENCIAL CON RESPECTO AL VEHÍCULO QUE LE ANTECEDE.,CHOQUE POSTERIOR,MOTOCICLETA,PARTICULAR,1,0,0,0,0,0,0,0,1,0,0,0,0,2,CÉDULA,45,HOMBRE,ILESO,PASAJERO,NO,NO
2023,PNE00079032023,0,0,PNE,-0.352119,-78.464501,17,PICHINCHA,1705,RUMIÑAHUI,170550,SANGOLQUI,VIA  AMAGUANA  -  E35-SUR,ZONA 2,URBANA,65,REDONDEL DEL COLIBRI - TAMBILLO,E35 - E20,ARTERIAL,17/03/2023,23:40:00,DE 23H00 A 23H59,23,VIERNES,5,MARZO,3,NO,C06,"CONDUCE BAJO LA INFLUENCIA DE ALCOHOL, SUSTANCIAS ESTUPEFACIENTES O PSICOTRÓPICAS Y/O MEDICAMENTOS.",CHOQUE POSTERIOR,AUTOMÓVIL,PARTICULAR,1,0,0,0,0,0,0,0,0,0,0,0,0,1,LICENCIA,51,HOMBRE,ILESO,CONDUCTOR,NO,SI
2023,DMQ00379032023,1,0,DMQ,-0.282694,-78.558257,17,PICHINCHA,1701,QUITO,170150,QUITO,CARLOS FREILE Y JOSEFA CALIXTO,ZONA 9,URBANA,ND,ND,ND,ND,18/03/2023,0:02:00,DE 00H00 A 00H59,0,SÁBADO,6,MARZO,3,NO,C26,NO CEDER EL DERECHO DE VÍA O PREFERENCIA DE PASO AL PEATÓN.,ATROPELLOS,NO IDENTIFICADO,PARTICULAR,0,0,0,0,0,0,0,0,0,1,0,0,0,1,CÉDULA,40,HOMBRE,LESIONADO,PEATÓN,NO,NO
2023,DMQ00383032023,0,0,DMQ,-0.262243,-78.530581,17,PICHINCHA,1701,QUITO,170150,QUITO,TENIENTE HUGO ORTIZ Y MAXIMILIANO ONTANEDA,ZONA 9,URBANA,ND,ND,ND,ND,18/03/2023,1:00:00,DE 01H00 A 01H59,1,SÁBADO,6,MARZO,3,NO,C10,"CONDICIONES AMBIENTALES Y/O ATMOSFÉRICAS (NIEBLA, NEBLINA, GRANIZO, LLUVIA).",ESTRELLAMIENTOS,AUTOMÓVIL,PARTICULAR,1,0,0,0,0,0,0,0,0,0,0,0,0,1,CÉDULA,23,HOMBRE,ILESO,PASAJERO,NO,NO
2023,DMQ00386032023,0,0,DMQ,-0.251621,-78.520591,17,PICHINCHA,1701,QUITO,170150,QUITO,MIGUEL CARRION Y RAFAEL ARTETA,ZONA 9,URBANA,ND,ND,ND,ND,18/03/2023,2:45:00,DE 02H00 A 02H59,2,SÁBADO,6,MARZO,3,NO,C09,CONDUCIR VEHÍCULO SUPERANDO LOS LÍMITES MÁXIMOS DE VELOCIDAD.,ESTRELLAMIENTOS,AUTOMÓVIL,PARTICULAR,1,0,0,0,0,0,0,0,0,0,0,0,0,1,LICENCIA,46,HOMBRE,ILESO,CONDUCTOR,NO,NO