ANIO,SINIESTROS,LESIONADOS,FALLECIDOS,ENTE_DE_CONTROL,LATITUD_Y,LONGITUD_X,DPA_1,PROVINCIA,DPA_2,CANTON,DPA_3,PARROQUIA,DIRECCION,ZONA_PLANIFICACION,ZONA,ID_DE_LA_VIA,NOMBRE_DE_LA_VIA,UBICACION_DE_LA_VIA,JERARQUIA_DE_LA_VIA,FECHA,HORA,PERIODO_1,PERIODO_2,DIA_1,DIA_2,MES_1,MES_2,FERIADO,CODIGO_CAUSA,CAUSA_PROBABLE,TIPO_DE_SINIESTRO,TIPO_DE_VEHICULO_1,SERVICIO_1,AUTOMOVIL,BICICLETA,BUS,CAMION,CAMIONETA,EMERGENCIAS,ESPECIAL,FURGONETA,MOTOCICLETA,NO_IDENTIFICADO,SCOOTER_ELECTRICO,TRICIMOTO,VEHICULO_DEPORTIVO_UTILITARIO,SUMA_DE_VEHICULOS,TIPO_ID_1,EDAD_1,SEXO_1,CONDICION_1,PARTICIPANTE_1,CASCO_1,CINTURON_1
2023,DMQ00521032023,0,0,DMQ,-0.202083,-78.511007,17,PICHINCHA,1701,QUITO,170150,QUITO,MARISCAL SUCRE Y FACULTAD DE EDUCACION FISICA DE LA UNIVERSIDAD CENTRAL,ZONA 9,URBANA,ND,ND,ND,ND,26/03/2023,2:30:00,DE 02H00 A 02H59,2,DOMINGO,7,MARZO,3,NO,C09,CONDUCIR VEHÍCULO SUPERANDO LOS LÍMITES MÁXIMOS DE VELOCIDAD.,ESTRELLAMIENTOS,AUTOMÓVIL,PARTICULAR,1,0,0,0,0,0,0,0,0,0,0,0,0,1,NO IDENTIFICADO,-1,NO IDENTIFICADO,NO IDENTIFICADO,CONDUCTOR,NO,NO
2023,DMQ00522032023,0,0,DMQ,-0.335418,-78.539465,17,PICHINCHA,1701,QUITO,170150,QUITO,S57C Y E4C,ZONA 9,URBANA,ND,ND,ND,ND,26/03/2023,3:00:00,DE 03H00 A 03H59,3,DOMINGO,7,MARZO,3,NO,C09,CONDUCIR VEHÍCULO SUPERANDO LOS LÍMITES MÁXIMOS DE VELOCIDAD.,ESTRELLAMIENTOS,FURGONETA,PARTICULAR,1,0,0,0,0,0,0,1,0,0,0,0,0,2,LICENCIA,34,HOMBRE,ILESO,CONDUCTOR,NO,NO
2023,DMQ00523032023,0,1,DMQ,-0.016544,-78.451312,17,PICHINCHA,1701,QUITO,170180,SAN ANTONIO (QUITO),13 DE JUNIO Y S4B,ZONA 9,RURAL,ND,ND,ND,ND,26/03/2023,3:00:00,DE 03H00 A 03H59,3,DOMINGO,7,MARZO,3,NO,C09,CONDUCIR VEHÍCULO SUPERANDO LOS LÍMITES MÁXIMOS DE VELOCIDAD.,ESTRELLAMIENTOS,MOTOCICLETA,PARTICULAR,1,0,0,0,0,0,0,0,1,0,0,0,0,2,LICENCIA,38,HOMBRE,FALLECIDO,CONDUCTOR,NO,NO
2023,DMQ00525032023,0,0,DMQ,-0.188355,-78.446378,17,PICHINCHA,1701,QUITO,170170,NAYON,OSWALDO GUAYASAMIN Y MIRAVALLE 2,ZONA 9,RURAL,60,QUITO - TUMBACO - PIFO,60,COLECTORA,26/03/2023,5:15:00,DE 05H00 A 05H59,5,DOMINGO,7,MARZO,3,NO,C19,REALIZAR CAMBIO BRUSCO O INDEBIDO DE CARRIL.,CHOQUE FRONTAL,AUTOMÓVIL,PARTICULAR,2,0,0,0,0,0,0,0,0,0,0,0,0,2,LICENCIA,49,HOMBRE,ILESO,CONDUCTOR,NO,NO
2023,PNE00116032023,2,0,PNE,-0.363255,-78.473209,17,PICHINCHA,1705,RUMIÑAHUI,170550,SANGOLQUI,PICHINCHA-RUMINAHUI-E35  SUR  -  JACINTO  JIJON  Y  CAAMANO,ZONA 2,URBANA,65,REDONDEL DEL COLIBRI - TAMBILLO,E35 - E20,ARTERIAL,26/03/2023,9:30:00,DE 09H00 A 09H59,9,DOMINGO,7,MARZO,3,NO,C06,"CONDUCE BAJO LA INFLUENCIA DE ALCOHOL, SUSTANCIAS ESTUPEFACIENTES O PSICOTRÓPICAS Y/O MEDICAMENTOS.",CHOQUE LATERAL,VEHÍCULO DEPORTIVO UTILITARIO,PARTICULAR,1,0,0,0,0,0,0,0,0,0,0,0,1,2,LICENCIA,38,HOMBRE,LESIONADO,CONDUCTOR,NO,SI
2023,DMQ00530032023,0,0,DMQ,-0.131698,-78.496602,17,PICHINCHA,1701,QUITO,170150,QUITO,JUAN IGNACIO PAREJA Y SIMON CARDENAS PROAÑO,ZONA 9,URBANA,ND,ND,ND,ND,26/03/2023,15:30:00,DE 15H00 A 15H59,15,DOMINGO,7,MARZO,3,NO,C23,"NO RESPETAR LAS SEÑALES REGLAMENTARIAS DE TRÁNSITO. (PARE, CEDA EL PASO, LUZ ROJA DEL SEMAFORO, ETC).",CHOQUE LATERAL,CAMIONETA,PARTICULAR,1,0,0,0,1,0,0,0,0,0,0,0,0,2,LICENCIA,64,HOMBRE,ILESO,CONDUCTOR,NO,NO
2023,DMQ00532032023,1,0,DMQ,-0.304257,-78.565346,17,PICHINCHA,1701,QUITO,170150,QUITO,EMILIO UZCATEGUI Y COLLAY,ZONA 9,URBANA,ND,ND,ND,ND,26/03/2023,17:00:00,DE 17H00 A 17H59,17,DOMINGO,7,MARZO,3,NO,C26,NO CEDER EL DERECHO DE VÍA O PREFERENCIA DE PASO AL PEATÓN.,ATROPELLOS,NO IDENTIFICADO,PARTICULAR,0,0,0,0,0,0,0,0,0,1,0,0,0,1,CÉDULA,45,HOMBRE,LESIONADO,PEATÓN,NO,NO
2023,DMQ00534032023,0,0,DMQ,-0.089153,-78.428068,17,PICHINCHA,1701,QUITO,170155,CALDERON (CARAPUNGO),GIOVANNI CALLES Y CACHA,ZONA 9,RURAL,ND,ND,ND,ND,26/03/2023,18:07:00,DE 18H00 A 18H59,18,DOMINGO,7,MARZO,3,NO,C23,"NO RESPETAR LAS SEÑALES REGLAMENTARIAS DE TRÁNSITO. (PARE, CEDA EL PASO, LUZ ROJA DEL SEMAFORO, ETC).",CHOQUE LATERAL,AUTOMÓVIL,PARTICULAR,2,0,0,0,0,0,0,0,0,0,0,0,0,2,LICENCIA,53,MUJER,ILESO,CONDUCTOR,NO,NO
2023,DMQ00535032023,0,1,DMQ,-0.212824,-78.372904,17,PICHINCHA,1701,QUITO,170184,TUMBACO,RUTA VIVA Y JUAN DE LARREA,ZONA 9,RURAL,ND,ND,ND,ND,26/03/2023,19:55:00,DE 19H00 A 19H59,19,DOMINGO,7,MARZO,3,NO,C09,CONDUCIR VEHÍCULO SUPERANDO LOS LÍMITES MÁXIMOS DE VELOCIDAD.,ESTRELLAMIENTOS,MOTOCICLETA,PARTICULAR,0,0,0,0,0,0,0,0,1,1,0,0,0,2,LICENCIA,37,HOMBRE,FALLECIDO,CONDUCTOR,NO,NO
2023,DMQ00538032023,1,0,DMQ,-0.301057,-78.556395,17,PICHINCHA,1701,QUITO,170150,QUITO,GUAYANAY ÑAN Y RUMICHACA ÑAN,ZONA 9,URBANA,ND,ND,ND,ND,26/03/2023,22:00:00,DE 22H00 A 22H59,22,DOMINGO,7,MARZO,3,NO,C25,NO CEDER EL DERECHO DE VÍA O PREFERENCIA DE PASO A VEHÍCULOS.,CHOQUE LATERAL,MOTOCICLETA,PARTICULAR,1,0,0,0,0,0,0,0,1,0,0,0,0,2,LICENCIA,23,HOMBRE,LESIONADO,CONDUCTOR,NO,NO
2023,DMQ00547032023,1,0,DMQ,-0.279347,-78.563632,17,PICHINCHA,1701,QUITO,170150,QUITO,"E3 Y OE11C, FRENTE AL PARQUE SAN GREGORIO",ZONA 9,URBANA,ND,ND,ND,ND,27/03/2023,12:00:00,DE 12H00 A 12H59,12,LUNES,1,MARZO,3,NO,C26,NO CEDER EL DERECHO DE VÍA O PREFERENCIA DE PASO AL PEATÓN.,ATROPELLOS,NO IDENTIFICADO,PARTICULAR,0,0,0,0,0,0,0,0,0,1,0,0,0,1,CÉDULA,21,MUJER,LESIONADO,PEATÓN,NO,NO
2023,DMQ00550032023,0,0,DMQ,-0.301983,-78.469829,17,PICHINCHA,1701,QUITO,170156,CONOCOTO,JOSE PLACIDO CAAMAÑO Y EUGENIO ESPEJO,ZONA 9,RURAL,ND,ND,ND,ND,27/03/2023,17:50:00,DE 17H00 A 17H59,17,LUNES,1,MARZO,3,NO,C01,"CASO FORTUITO O FUERZA MAYOR (EXPLOSIÓN DE NEUMÁTICO NUEVO, DERRUMBE, INUNDACIÓN, CAÍDA DE PUENTE, ÁRBOL, PRESENCIA INTEMPESTIVA E IMPREVISTA DE SEMOVIENTES EN LA VÍA, ETC.).",ESTRELLAMIENTOS,AUTOMÓVIL,PARTICULAR,1,0,0,0,0,0,0,0,0,0,0,0,0,1,LICENCIA,27,HOMBRE,ILESO,CONDUCTOR,NO,NO
2023,DMQ00552032023,1,0,DMQ,-0.194131,-78.501635,17,PICHINCHA,1701,QUITO,170150,QUITO,LA ISLA Y HUMBERTO ALBORNOZ,ZONA 9,URBANA,ND,ND,ND,ND,27/03/2023,20:00:00,DE 20H00 A 20H59,20,LUNES,1,MARZO,3,NO,C18,CONDUCIR EN SENTIDO CONTRARIO A LA VÍA NORMAL DE CIRCULACIÓN.,CHOQUE FRONTAL,AUTOMÓVIL,PARTICULAR,2,0,0,0,0,0,0,0,0,0,0,0,0,2,LICENCIA,58,HOMBRE,LESIONADO,CONDUCTOR,NO,NO
2023,DMQ00556032023,1,0,DMQ,-0.317549,-78.550471,17,PICHINCHA,1701,QUITO,170150,QUITO,OE1J Y OE1I,ZONA 9,URBANA,ND,ND,ND,ND,27/03/2023,22:00:00,DE 22H00 A 22H59,22,LUNES,1,MARZO,3,NO,C06,"CONDUCE BAJO LA INFLUENCIA DE ALCOHOL, SUSTANCIAS ESTUPEFACIENTES O PSICOTRÓPICAS Y/O MEDICAMENTOS.",ATROPELLOS,AUTOMÓVIL,PARTICULAR,1,0,0,0,0,0,0,0,0,0,0,0,0,1,CÉDULA,40,MUJER,LESIONADO,PEATÓN,NO,NO
2023,DMQ00557032023,0,0,DMQ,-0.129311,-78.494132,17,PICHINCHA,1701,QUITO,170150,QUITO,PRENSA Y VACA DE CASTRO,ZONA 9,URBANA,ND,ND,ND,ND,27/03/2023,23:30:00,DE 23H00 A 23H59,23,LUNES,1,MARZO,3,NO,C09,CONDUCIR VEHÍCULO SUPERANDO LOS LÍMITES MÁXIMOS DE VELOCIDAD.,ESTRELLAMIENTOS,AUTOMÓVIL,PARTICULAR,1,0,0,0,0,0,0,0,0,0,0,0,0,1,NO IDENTIFICADO,-1,NO IDENTIFICADO,NO IDENTIFICADO,CONDUCTOR,NO,NO
2023,DMQ00560032023,0,1,DMQ,-0.237576,-78.519156,17,PICHINCHA,1701,QUITO,170150,QUITO,JAIME DEL CASTILLO Y PEDRO DE ALFARO,ZONA 9,URBANA,ND,ND,ND,ND,28/03/2023,2:30:00,DE 02H00 A 02H59,2,MARTES,2,MARZO,3,NO,C26,NO CEDER EL DERECHO DE VÍA O PREFERENCIA DE PASO AL PEATÓN.,ATROPELLOS,NO IDENTIFICADO,PARTICULAR,0,0,0,0,0,0,0,0,0,1,0,0,0,1,NO IDENTIFICADO,30,HOMBRE,FALLECIDO,PEATÓN,NO,NO
2023,DMQ00561032023,1,0,DMQ,-0.204457,-78.484403,17,PICHINCHA,1701,QUITO,170150,QUITO,12 DE OCTUBRE Y FRANCISCO SALAZAR,ZONA 9,URBANA,ND,ND,ND,ND,28/03/2023,7:25:00,DE 07H00 A 07H59,7,MARTES,2,MARZO,3,NO,C25,NO CEDER EL DERECHO DE VÍA O PREFERENCIA DE PASO A VEHÍCULOS.,ATROPELLOS,AUTOMÓVIL,PARTICULAR,1,0,0,0,0,0,0,0,0,0,0,0,0,1,CÉDULA,41,MUJER,LESIONADO,PEATÓN,NO,NO
2023,DMQ00569032023,1,0,DMQ,-0.189726,-78.486678,17,PICHINCHA,1701,QUITO,170150,QUITO,ELOY ALFARO Y REPUBLICA,ZONA 9,URBANA,ND,ND,ND,ND,28/03/2023,17:15:00,DE 17H00 A 17H59,17,MARTES,2,MARZO,3,NO,C06,"CONDUCE BAJO LA INFLUENCIA DE ALCOHOL, SUSTANCIAS ESTUPEFACIENTES O PSICOTRÓPICAS Y/O MEDICAMENTOS.",ATROPELLOS,MOTOCICLETA,PARTICULAR,0,0,0,0,0,0,0,0,1,0,0,0,0,1,CÉDULA,24,HOMBRE,LESIONADO,PEATÓN,NO,NO
2023,DMQ00573032023,0,1,DMQ,-0.267369,-78.528259,17,PICHINCHA,1701,QUITO,170150,QUITO, LUIS URDANETA Y SALINAS,ZONA 9,URBANA,ND,ND,ND,ND,28/03/2023,21:30:00,DE 21H00 A 21H59,21,MARTES,2,MARZO,3,NO,C01,"CASO FORTUITO O FUERZA MAYOR (EXPLOSIÓN DE NEUMÁTICO NUEVO, DERRUMBE, INUNDACIÓN, CAÍDA DE PUENTE, ÁRBOL, PRESENCIA INTEMPESTIVA E IMPREVISTA DE SEMOVIENTES EN LA VÍA, ETC.).",ESTRELLAMIENTOS,AUTOMÓVIL,PARTICULAR,1,0,0,0,0,0,0,0,0,0,0,0,0,1,LICENCIA,62,HOMBRE,FALLECIDO,CONDUCTOR,NO,NO
2023,DMQ00575032023,0,0,DMQ,-0.235642,-78.510744,17,PICHINCHA,1701,QUITO,170150,QUITO,VELASCO IBARRA Y NAPO,ZONA 9,URBANA,ND,ND,ND,ND,28/03/2023,22:45:00,DE 22H00 A 22H59,22,MARTES,2,MARZO,3,NO,C23,"NO RESPETAR LAS SEÑALES REGLAMENTARIAS DE TRÁNSITO. (PARE, CEDA EL PASO, LUZ ROJA DEL SEMAFORO, ETC).",CHOQUE FRONTAL,AUTOMÓVIL,PARTICULAR,2,0,0,0,0,0,0,0,0,0,0,0,0,2,LICENCIA,39,HOMBRE,ILESO,CONDUCTOR,NO,NO
2023,DMQ00582032023,0,0,DMQ,-0.237777,-78.490494,17,PICHINCHA,1701,QUITO,170150,QUITO,SIMON BOLIVAR Y JAVIER LOYOLA,ZONA 9,URBANA,ND,ND,ND,ND,29/03/2023,14:45:00,DE 14H00 A 14H59,14,MIÉRCOLES,3,MARZO,3,NO,C11,NO MANTENER LA DISTANCIA PRUDENCIAL CON RESPECTO AL VEHÍCULO QUE LE ANTECEDE.,CHOQUE POSTERIOR,CAMIONETA,PARTICULAR,1,0,0,0,1,0,0,0,0,0,0,0,0,2,LICENCIA,44,HOMBRE,ILESO,CONDUCTOR,NO,NO
2023,DMQ00583032023,0,0,DMQ,-0.073718,-78.471393,17,PICHINCHA,1701,QUITO,170177,POMASQUI,DE LOS NARCISOS Y MANUEL CORDOVA GALARZA,ZONA 9,RURAL,ND,ND,ND,ND,29/03/2023,16:20:00,DE 16H00 A 16H59,16,MIÉRCOLES,3,MARZO,3,NO,C10,"CONDICIONES AMBIENTALES Y/O ATMOSFÉRICAS (NIEBLA, NEBLINA, GRANIZO, LLUVIA).",ESTRELLAMIENTOS,AUTOMÓVIL,PARTICULAR,1,0,0,0,0,0,0,0,0,0,0,0,0,1,NO IDENTIFICADO,-1,NO IDENTIFICADO,NO IDENTIFICADO,CONDUCTOR,NO,NO
2023,DMQ00585032023,0,0,DMQ,-0.242447,-78.528641,17,PICHINCHA,1701,QUITO,170150,QUITO,JACINTO COLLAGUAZO Y PURUHA,ZONA 9,URBANA,ND,ND,ND,ND,29/03/2023,17:40:00,DE 17H00 A 17H59,17,MIÉRCOLES,3,MARZO,3,NO,C23,"NO RESPETAR LAS SEÑALES REGLAMENTARIAS DE TRÁNSITO. (PARE, CEDA EL PASO, LUZ ROJA DEL SEMAFORO, ETC).",CHOQUE LATERAL,CAMIONETA,PARTICULAR,1,0,0,0,1,0,0,0,0,0,0,0,0,2,LICENCIA,26,HOMBRE,ILESO,CONDUCTOR,NO,NO
2023,DMQ00588032023,0,0,DMQ,-0.116778,-78.473278,17,PICHINCHA,1701,QUITO,170150,QUITO,ELOY ALFARO Y DE LOS EUCALIPTOS,ZONA 9,URBANA,ND,ND,ND,ND,29/03/2023,20:50:00,DE 20H00 A 20H59,20,MIÉRCOLES,3,MARZO,3,NO,C06,"CONDUCE BAJO LA INFLUENCIA DE ALCOHOL, SUSTANCIAS ESTUPEFACIENTES O PSICOTRÓPICAS Y/O MEDICAMENTOS.",CHOQUE FRONTAL,CAMIONETA,PARTICULAR,1,0,0,0,1,0,0,0,0,0,0,0,0,2,LICENCIA,66,HOMBRE,ILESO,CONDUCTOR,NO,NO
2023,DMQ00590032023,0,0,DMQ,-0.107659,-78.447381,17,PICHINCHA,1701,QUITO,170155,CALDERON (CARAPUNGO),PANAMERICANA NORTE Y GARCIA MORENO,ZONA 9,RURAL,58,ENTRADA A CARAPUNGO - CALDERON,58,COLECTORA,29/03/2023,23:21:00,DE 23H00 A 23H59,23,MIÉRCOLES,3,MARZO,3,NO,C11,NO MANTENER LA DISTANCIA PRUDENCIAL CON RESPECTO AL VEHÍCULO QUE LE ANTECEDE.,CHOQUE POSTERIOR,AUTOMÓVIL,PARTICULAR,2,0,0,0,0,0,0,0,0,0,0,0,0,2,LICENCIA,58,HOMBRE,ILESO,CONDUCTOR,NO,NO
2023,DMQ00592032023,0,0,DMQ,-0.141931,-78.494937,17,PICHINCHA,1701,QUITO,170150,QUITO,JOSE HERBOSO Y TENIENTE MANUEL SERRANO,ZONA 9,URBANA,ND,ND,ND,ND,30/03/2023,7:40:00,DE 07H00 A 07H59,7,JUEVES,4,MARZO,3,NO,C23,"NO RESPETAR LAS SEÑALES REGLAMENTARIAS DE TRÁNSITO. (PARE, CEDA EL PASO, LUZ ROJA DEL SEMAFORO, ETC).",CHOQUE LATERAL,CAMIONETA,PARTICULAR,1,0,0,0,1,0,0,0,0,0,0,0,0,2,LICENCIA,46,HOMBRE,ILESO,CONDUCTOR,NO,NO
2023,DMQ00604032023,0,0,DMQ,-0.182917,-78.482018,17,PICHINCHA,1701,QUITO,170150,QUITO,SHYRIS Y HOLANDA,ZONA 9,URBANA,ND,ND,ND,ND,30/03/2023,21:51:00,DE 21H00 A 21H59,21,JUEVES,4,MARZO,3,NO,C06,"CONDUCE BAJO LA INFLUENCIA DE ALCOHOL, SUSTANCIAS ESTUPEFACIENTES O PSICOTRÓPICAS Y/O MEDICAMENTOS.",ESTRELLAMIENTOS,AUTOMÓVIL,PARTICULAR,2,0,0,0,0,0,0,0,0,0,0,0,0,2,LICENCIA,35,MUJER,ILESO,CONDUCTOR,NO,NO
2023,DMQ00606032023,0,0,DMQ,-0.237573,-78.484673,17,PICHINCHA,1701,QUITO,170150,QUITO,SIMON BOLIVAR Y AUTOPISTA GENERAL RUMIÑAHUI,ZONA 9,URBANA,ND,ND,ND,ND,31/03/2023,10:30:00,DE 10H00 A 10H59,10,VIERNES,5,MARZO,3,NO,C09,CONDUCIR VEHÍCULO SUPERANDO LOS LÍMITES MÁXIMOS DE VELOCIDAD.,ESTRELLAMIENTOS,AUTOMÓVIL,PARTICULAR,1,0,0,0,0,0,0,0,0,0,0,0,0,1,LICENCIA,35,HOMBRE,ILESO,CONDUCTOR,NO,NO
2023,DMQ00615032023,0,0,DMQ,-0.204103,-78.496008,17,PICHINCHA,1701,QUITO,170150,QUITO,VICENTE RAMON ROCA Y 9 DE OCTUBRE,ZONA 9,URBANA,ND,ND,ND,ND,31/03/2023,16:10:00,DE 16H00 A 16H59,16,VIERNES,5,MARZO,3,NO,C14,"CONDUCIR DESATENTO A LAS CONDICIONES DE TRÁNSITO (CELULAR, PANTALLAS DE VIDEO, COMIDA, MAQUILLAJE O CUALQUIER OTRO ELEMENTO DISTRACTOR).",ESTRELLAMIENTOS,AUTOMÓVIL,PARTICULAR,2,0,0,0,0,0,0,0,0,0,0,0,0,2,LICENCIA,76,HOMBRE,ILESO,CONDUCTOR,NO,NO
2023,DMQ00616032023,0,0,DMQ,-0.191183,-78.456964,17,PICHINCHA,1701,QUITO,170150,QUITO,OSWALDO GUAYASAMIN (INTEROCEANICA) Y SIMON BOLIVAR,ZONA 9,URBANA,60,QUITO - TUMBACO - PIFO,60,COLECTORA,31/03/2023,16:30:00,DE 16H00 A 16H59,16,VIERNES,5,MARZO,3,NO,C10,"CONDICIONES AMBIENTALES Y/O ATMOSFÉRICAS (NIEBLA, NEBLINA, GRANIZO, LLUVIA).",CHOQUE LATERAL,AUTOMÓVIL,PARTICULAR,2,0,0,0,0,0,0,0,0,0,0,0,0,2,LICENCIA,22,HOMBRE,ILESO,CONDUCTOR,NO,NO
2023,DMQ00620032023,0,0,DMQ,-0.083213,-78.469248,17,PICHINCHA,1701,QUITO,170150,QUITO,JAIME ROLDOS AGUILERA Y REPUBLICA DOMENICANA,ZONA 9,URBANA,ND,ND,ND,ND,31/03/2023,22:15:00,DE 22H00 A 22H59,22,VIERNES,5,MARZO,3,NO,C09,CONDUCIR VEHÍCULO SUPERANDO LOS LÍMITES MÁXIMOS DE VELOCIDAD.,ESTRELLAMIENTOS,MOTOCICLETA,PARTICULAR,0,0,0,0,0,0,0,0,1,0,0,0,0,1,CÉDULA,29,HOMBRE,ILESO,PASAJERO,NO,NO
2023,DMQ00621032023,2,0,DMQ,-0.194275,-78.482061,17,PICHINCHA,1701,QUITO,170150,QUITO,6 DE DICIEMBRE Y WHYMPER,ZONA 9,URBANA,ND,ND,ND,ND,31/03/2023,22:20:00,DE 22H00 A 22H59,22,VIERNES,5,MARZO,3,NO,C23,"NO RESPETAR LAS SEÑALES REGLAMENTARIAS DE TRÁNSITO. (PARE, CEDA EL PASO, LUZ ROJA DEL SEMAFORO, ETC).",CHOQUE LATERAL,MOTOCICLETA,PARTICULAR,0,0,0,0,0,0,0,0,1,1,0,0,0,2,LICENCIA,25,HOMBRE,LESIONADO,CONDUCTOR,NO,NO
2023,DMQ00625032023,1,0,DMQ,-0.100201,-78.471711,17,PICHINCHA,1701,QUITO,170150,QUITO,GALO PLAZA LASSO Y N74C,ZONA 9,URBANA,ND,ND,ND,ND,31/03/2023,23:15:00,DE 23H00 A 23H59,23,VIERNES,5,MARZO,3,NO,C06,"CONDUCE BAJO LA INFLUENCIA DE ALCOHOL, SUSTANCIAS ESTUPEFACIENTES O PSICOTRÓPICAS Y/O MEDICAMENTOS.",CHOQUE LATERAL,MOTOCICLETA,PARTICULAR,1,0,0,0,0,0,0,0,1,0,0,0,0,2,LICENCIA,21,HOMBRE,LESIONADO,CONDUCTOR,NO,NO
2023,DMQ00120012023,0,0,DMQ,-0.088414,-78.472433,17,PICHINCHA,1701,QUITO,170150,QUITO,ALEJANDRO PONCE Y FRANCISCO DEL CAMPO,ZONA 9,URBANA,ND,ND,ND,ND,6/1/2023,19:48:00,DE 19H00 A 19H59,19,viernes,5,ENERO,1,NO,C06,"CONDUCE BAJO LA INFLUENCIA DE ALCOHOL, SUSTANCIAS ESTUPEFACIENTES O PSICOTRÓPICAS Y/O MEDICAMENTOS.",CHOQUE POSTERIOR,MOTOCICLETA,GOBIERNOS SECCIONALES,1,0,0,0,0,0,0,0,1,0,0,0,0,2,LICENCIA,25,HOMBRE,ILESO,CONDUCTOR,SI,NO
2023,DMQ00131012023,1,0,DMQ,-0.215537,-78.517442,17,PICHINCHA,1701,QUITO,170150,QUITO,MARISCAL SUCRE Y EL PLACER,ZONA 9,URBANA,ND,ND,ND,ND,7/1/2023,3:30:00,DE 03H00 A 03H59,3,sábado,6,ENERO,1,NO,C25,NO CEDER EL DERECHO DE VÍA O PREFERENCIA DE PASO A VEHÍCULOS.,CHOQUE LATERAL,CAMIÓN,GOBIERNOS SECCIONALES,0,0,0,1,0,0,0,0,1,0,0,0,0,2,LICENCIA,27,HOMBRE,LESIONADO,CONDUCTOR,SI,NO
2023,DMQ00604012023,1,0,DMQ,-0.318631,-78.549293,17,PICHINCHA,1701,QUITO,170150,QUITO,MALDONADO Y JULIO ANDRADE,ZONA 9,URBANA,ND,ND,ND,ND,29/01/2023,14:20:00,DE 14H00 A 14H59,14,domingo,7,ENERO,1,NO,C16,NO TRANSITAR POR LAS ACERAS O ZONAS DE SEGURIDAD DESTINADAS PARA EL EFECTO.,ARROLLAMIENTOS,CAMIÓN,GOBIERNOS SECCIONALES,0,0,0,1,0,0,0,0,0,0,0,0,0,1,CÉDULA,67,MUJER,LESIONADO,PEATÓN,NO,NO
2023,DMQ00120012023,0,0,DMQ,-0.088414,-78.472433,17,PICHINCHA,1701,QUITO,170150,QUITO,ALEJANDRO PONCE Y FRANCISCO DEL CAMPO,ZONA 9,URBANA,ND,ND,ND,ND,6/1/2023,19:48:00,DE 19H00 A 19H59,19,VIERNES,5,ENERO,1,NO,C06,"CONDUCE BAJO LA INFLUENCIA DE ALCOHOL, SUSTANCIAS ESTUPEFACIENTES O PSICOTRÓPICAS Y/O MEDICAMENTOS.",CHOQUE POSTERIOR,MOTOCICLETA,GOBIERNOS SECCIONALES,1,0,0,0,0,0,0,0,1,0,0,0,0,2,LICENCIA,25,HOMBRE,ILESO,CONDUCTOR,SI,NO
2023,DMQ00131012023,1,0,DMQ,-0.215537,-78.517442,17,PICHINCHA,1701,QUITO,170150,QUITO,MARISCAL SUCRE Y EL PLACER,ZONA 9,URBANA,ND,ND,ND,ND,7/1/2023,3:30:00,DE 03H00 A 03H59,3,SÁBADO,6,ENERO,1,NO,C25,NO CEDER EL DERECHO DE VÍA O PREFERENCIA DE PASO A VEHÍCULOS.,CHOQUE LATERAL,CAMIÓN,GOBIERNOS SECCIONALES,0,0,0,1,0,0,0,0,1,0,0,0,0,2,LICENCIA,27,HOMBRE,LESIONADO,CONDUCTOR,SI,NO
2023,DMQ00604012023,1,0,DMQ,-0.318631,-78.549293,17,PICHINCHA,1701,QUITO,170150,QUITO,MALDONADO Y JULIO ANDRADE,ZONA 9,URBANA,ND,ND,ND,ND,29/01/2023,14:20:00,DE 14H00 A 14H59,14,DOMINGO,7,ENERO,1,NO,C16,NO TRANSITAR POR LAS ACERAS O ZONAS DE SEGURIDAD DESTINADAS PARA EL EFECTO.,ARROLLAMIENTOS,CAMIÓN,GOBIERNOS SECCIONALES,0,0,0,1,0,0,0,0,0,0,0,0,0,1,CÉDULA,67,MUJER,LESIONADO,PEATÓN,NO,NO
2023,DMQ00238022023,2,0,DMQ,-0.161957,-78.483194,17,PICHINCHA,1701,QUITO,170150,QUITO,AMAZONAS Y RIO COCA,ZONA 9,URBANA,ND,ND,ND,ND,10/2/2023,20:55:00,DE 20H00 A 20H59,20,VIERNES,5,FEBRERO,2,NO,C06,"CONDUCE BAJO LA INFLUENCIA DE ALCOHOL, SUSTANCIAS ESTUPEFACIENTES O PSICOTRÓPICAS Y/O MEDICAMENTOS.",CHOQUE LATERAL,MOTOCICLETA,GOBIERNOS SECCIONALES,0,0,0,0,0,0,0,0,2,0,0,0,0,2,LICENCIA,31,HOMBRE,LESIONADO,CONDUCTOR,SI,NO
2023,DMQ00429022023,1,0,DMQ,-0.162866,-78.478266,17,PICHINCHA,1701,QUITO,170150,QUITO,SHYRIS Y RIO COCA,ZONA 9,URBANA,ND,ND,ND,ND,18/02/2023,7:20:00,DE 07H00 A 07H59,7,SÁBADO,6,FEBRERO,2,SI,C10,"CONDICIONES AMBIENTALES Y/O ATMOSFÉRICAS (NIEBLA, NEBLINA, GRANIZO, LLUVIA).",CHOQUE LATERAL,CAMIONETA,GOBIERNOS SECCIONALES,1,0,0,0,1,0,0,0,0,0,0,0,0,2,LICENCIA,53,MUJER,LESIONADO,CONDUCTOR,NO,NO