ANIO,SINIESTROS,LESIONADOS,FALLECIDOS,ENTE_DE_CONTROL,LATITUD_Y,LONGITUD_X,DPA_1,PROVINCIA,DPA_2,CANTON,DPA_3,PARROQUIA,DIRECCION,ZONA_PLANIFICACION,ZONA,ID_DE_LA_VIA,NOMBRE_DE_LA_VIA,UBICACION_DE_LA_VIA,JERARQUIA_DE_LA_VIA,FECHA,HORA,PERIODO_1,PERIODO_2,DIA_1,DIA_2,MES_1,MES_2,FERIADO,CODIGO_CAUSA,CAUSA_PROBABLE,TIPO_DE_SINIESTRO,TIPO_DE_VEHICULO_1,SERVICIO_1,AUTOMOVIL,BICICLETA,BUS,CAMION,CAMIONETA,EMERGENCIAS,ESPECIAL,FURGONETA,MOTOCICLETA,NO_IDENTIFICADO,SCOOTER_ELECTRICO,TRICIMOTO,VEHICULO_DEPORTIVO_UTILITARIO,SUMA_DE_VEHICULOS,TIPO_ID_1,EDAD_1,SEXO_1,CONDICION_1,PARTICIPANTE_1,CASCO_1,CINTURON_1
2023,DMQ00337012023,0,0,DMQ,-0.177121,-78.479721,17,PICHINCHA,1701,QUITO,170150,QUITO,NACIONES UNIDAS Y REPUBLICA DE EL SALVADOR,ZONA 9,URBANA,ND,ND,ND,ND,15/01/2023,23:30:00,DE 23H00 A 23H59,23,DOMINGO,7,ENERO,1,NO,C23,"NO RESPETAR LAS SEÑALES REGLAMENTARIAS DE TRÁNSITO. (PARE, CEDA EL PASO, LUZ ROJA DEL SEMAFORO, ETC).",CHOQUE LATERAL,CAMIÓN,CUENTA PROPIA,1,0,0,1,0,0,0,0,0,0,0,0,0,2,LICENCIA,83,HOMBRE,ILESO,CONDUCTOR,NO,NO
2023,DMQ00346012023,1,0,DMQ,-0.192339,-78.454381,17,PICHINCHA,1701,QUITO,170170,NAYON,SIMON BOLIVAR Y BIFURCACION DE LA AVENIDA OSWALDO GUAYASAMIN,ZONA 9,URBANA,ND,ND,ND,ND,16/01/2023,11:20:00,DE 11H00 A 11H59,11,LUNES,1,ENERO,1,NO,C09,CONDUCIR VEHÍCULO SUPERANDO LOS LÍMITES MÁXIMOS DE VELOCIDAD.,ESTRELLAMIENTOS,CAMIÓN,CUENTA PROPIA,1,0,0,1,0,0,0,0,0,0,0,0,0,2,CÉDULA,1,MUJER,LESIONADO,PASAJERO,NO,NO
2023,DMQ00368012023,0,0,DMQ,-0.237753,-78.483828,17,PICHINCHA,1701,QUITO,170150,QUITO,SIMON BOLIVAR Y AUTOPISTA GENERAL RUMIÑAHUI,ZONA 9,URBANA,ND,ND,ND,ND,17/01/2023,12:20:00,DE 12H00 A 12H59,12,MARTES,2,ENERO,1,NO,C11,NO MANTENER LA DISTANCIA PRUDENCIAL CON RESPECTO AL VEHÍCULO QUE LE ANTECEDE.,CHOQUE POSTERIOR,CAMIÓN,CUENTA PROPIA,1,0,0,1,0,0,0,0,0,0,0,0,0,2,LICENCIA,24,HOMBRE,ILESO,CONDUCTOR,NO,NO
2023,DMQ00379012023,0,0,DMQ,-0.302511,-78.560232,17,PICHINCHA,1701,QUITO,170150,QUITO,S41 Y FRANCISCO ATAHUALPA,ZONA 9,URBANA,ND,ND,ND,ND,18/01/2023,9:40:00,DE 09H00 A 09H59,9,MIÉRCOLES,3,ENERO,1,NO,C09,CONDUCIR VEHÍCULO SUPERANDO LOS LÍMITES MÁXIMOS DE VELOCIDAD.,ESTRELLAMIENTOS,CAMIÓN,CUENTA PROPIA,0,0,0,1,0,0,0,0,0,0,0,0,0,1,LICENCIA,65,HOMBRE,ILESO,CONDUCTOR,NO,NO
2023,DMQ00418012023,0,0,DMQ,-0.161834,-78.485808,17,PICHINCHA,1701,QUITO,170150,QUITO,10 DE AGOSTO Y PAPALLACTA,ZONA 9,URBANA,ND,ND,ND,ND,20/01/2023,15:15:00,DE 15H00 A 15H59,15,VIERNES,5,ENERO,1,NO,C23,"NO RESPETAR LAS SEÑALES REGLAMENTARIAS DE TRÁNSITO. (PARE, CEDA EL PASO, LUZ ROJA DEL SEMAFORO, ETC).",CHOQUE LATERAL,CAMIÓN,CUENTA PROPIA,0,0,0,1,1,0,0,0,0,0,0,0,0,2,LICENCIA,30,HOMBRE,ILESO,CONDUCTOR,NO,NO
2023,DMQ00633012023,0,0,DMQ,-0.302339,-78.533492,17,PICHINCHA,1701,QUITO,170150,QUITO,GONZALO PEREZ BUSTAMANTE Y E5F,ZONA 9,URBANA,ND,ND,ND,ND,30/01/2023,22:50:00,DE 22H00 A 22H59,22,LUNES,1,ENERO,1,NO,C09,CONDUCIR VEHÍCULO SUPERANDO LOS LÍMITES MÁXIMOS DE VELOCIDAD.,ESTRELLAMIENTOS,CAMIÓN,CUENTA PROPIA,1,0,0,1,0,0,0,0,0,0,0,0,0,2,LICENCIA,44,HOMBRE,ILESO,CONDUCTOR,NO,NO
2023,DMQ00640012023,0,0,DMQ,-0.150113,-78.454646,17,PICHINCHA,1701,QUITO,170150,QUITO,DE LAS PALMERAS Y SIMON BOLIVAR,ZONA 9,URBANA,ND,ND,ND,ND,31/01/2023,15:52:00,DE 15H00 A 15H59,15,MARTES,2,ENERO,1,NO,C09,CONDUCIR VEHÍCULO SUPERANDO LOS LÍMITES MÁXIMOS DE VELOCIDAD.,ESTRELLAMIENTOS,CAMIÓN,CUENTA PROPIA,1,0,0,1,0,0,0,0,0,0,0,0,0,2,LICENCIA,23,HOMBRE,ILESO,CONDUCTOR,NO,NO
2023,DMQ00002022023,0,1,DMQ,-0.302663,-78.521468,17,PICHINCHA,1701,QUITO,170150,QUITO,SIMON BOLIVAR Y INGRESO A SAN MARTIN,ZONA 9,URBANA,ND,ND,ND,ND,1/2/2023,1:00:00,DE 01H00 A 01H59,1,MIÉRCOLES,3,FEBRERO,2,NO,C26,NO CEDER EL DERECHO DE VÍA O PREFERENCIA DE PASO AL PEATÓN.,ATROPELLOS,CAMIÓN,CUENTA PROPIA,0,0,0,1,0,0,0,0,0,0,0,0,0,1,CÉDULA,29,HOMBRE,FALLECIDO,PEATÓN,NO,NO
2023,DMQ00085022023,1,0,DMQ,-0.299766,-78.542051,17,PICHINCHA,1701,QUITO,170150,QUITO,MALDONADO Y CONDOR ÑAN,ZONA 9,URBANA,ND,ND,ND,ND,4/2/2023,12:15:00,DE 12H00 A 12H59,12,SÁBADO,6,FEBRERO,2,NO,C27,PEATÓN QUE CRUZA LA CALZADA SIN RESPETAR LA SEÑALIZACIÓN EXISTENTE (SEMÁFOROS O SEÑALES MANUALES).,ATROPELLOS,CAMIÓN,CUENTA PROPIA,0,0,0,1,0,0,0,0,0,0,0,0,0,1,CÉDULA,16,HOMBRE,LESIONADO,PEATÓN,NO,NO
2023,DMQ00289022023,1,0,DMQ,-0.296094,-78.409309,17,PICHINCHA,1701,QUITO,170164,LA MERCED,CESAR ENRIQUE BALSECA Y LUIS RIVADENERIA,ZONA 9,RURAL,ND,ND,ND,ND,12/2/2023,21:00:00,DE 21H00 A 21H59,21,DOMINGO,7,FEBRERO,2,NO,C23,"NO RESPETAR LAS SEÑALES REGLAMENTARIAS DE TRÁNSITO. (PARE, CEDA EL PASO, LUZ ROJA DEL SEMAFORO, ETC).",CHOQUE LATERAL,CAMIÓN,CUENTA PROPIA,0,0,0,1,1,0,0,0,0,0,0,0,0,2,LICENCIA,28,HOMBRE,LESIONADO,CONDUCTOR,NO,NO
2023,DMQ00340022023,0,0,DMQ,-0.210361,-78.373645,17,PICHINCHA,1701,QUITO,170184,TUMBACO,JUAN LARREA Y SAN FRANCISCO DE LA TOLA GRANDE,ZONA 9,RURAL,ND,ND,ND,ND,15/02/2023,3:55:00,DE 03H00 A 03H59,3,MIÉRCOLES,3,FEBRERO,2,NO,C09,CONDUCIR VEHÍCULO SUPERANDO LOS LÍMITES MÁXIMOS DE VELOCIDAD.,ESTRELLAMIENTOS,CAMIÓN,CUENTA PROPIA,0,0,0,1,0,0,0,0,0,0,0,0,0,1,LICENCIA,29,MUJER,ILESO,CONDUCTOR,NO,NO
2023,DMQ00371022023,0,0,DMQ,-0.206549,-78.494422,17,PICHINCHA,1701,QUITO,170150,QUITO,REINA VICTORIA Y FRANCISCO ROBLES,ZONA 9,URBANA,ND,ND,ND,ND,16/02/2023,15:15:00,DE 15H00 A 15H59,15,JUEVES,4,FEBRERO,2,NO,C25,NO CEDER EL DERECHO DE VÍA O PREFERENCIA DE PASO A VEHÍCULOS.,CHOQUE LATERAL,CAMIONETA,CUENTA PROPIA,1,0,0,0,1,0,0,0,0,0,0,0,0,2,LICENCIA,48,HOMBRE,ILESO,CONDUCTOR,NO,NO
2023,DMQ00420022023,0,0,DMQ,-0.215414,-78.456751,17,PICHINCHA,1701,QUITO,170157,CUMBAYA,RUTA VIVA KILOMETRO 2 Y GUARANDA,ZONA 9,RURAL,ND,ND,ND,ND,17/02/2023,23:00:00,DE 23H00 A 23H59,23,VIERNES,5,FEBRERO,2,SI,C09,CONDUCIR VEHÍCULO SUPERANDO LOS LÍMITES MÁXIMOS DE VELOCIDAD.,ESTRELLAMIENTOS,CAMIÓN,CUENTA PROPIA,0,0,0,1,0,0,0,0,0,0,0,0,0,1,LICENCIA,36,HOMBRE,ILESO,CONDUCTOR,NO,NO
2023,DMQ00540022023,0,0,DMQ,-0.215279,-78.457048,17,PICHINCHA,1701,QUITO,170157,CUMBAYA,RUTA VIVA Y GUARANDA,ZONA 9,RURAL,ND,ND,ND,ND,22/02/2023,4:50:00,DE 04H00 A 04H59,4,MIÉRCOLES,3,FEBRERO,2,NO,C10,"CONDICIONES AMBIENTALES Y/O ATMOSFÉRICAS (NIEBLA, NEBLINA, GRANIZO, LLUVIA).",ESTRELLAMIENTOS,CAMIÓN,CUENTA PROPIA,0,0,0,1,0,0,0,0,0,0,0,0,0,1,LICENCIA,42,HOMBRE,ILESO,CONDUCTOR,NO,NO
2023,DMQ00602022023,0,0,DMQ,-0.343593,-78.561911,17,PICHINCHA,1701,QUITO,170150,QUITO,S59 Y TRANSVERSAL 11,ZONA 9,URBANA,ND,ND,ND,ND,25/02/2023,13:30:00,DE 13H00 A 13H59,13,SÁBADO,6,FEBRERO,2,NO,C25,NO CEDER EL DERECHO DE VÍA O PREFERENCIA DE PASO A VEHÍCULOS.,CHOQUE LATERAL,CAMIÓN,CUENTA PROPIA,0,0,0,1,1,0,0,0,0,0,0,0,0,2,LICENCIA,22,HOMBRE,ILESO,CONDUCTOR,NO,NO
2023,DMQ00647022023,1,0,DMQ,-0.221641,-78.351789,17,PICHINCHA,1701,QUITO,170175,PIFO,OSWALDO GUAYASAMIN Y E35,ZONA 9,RURAL,60,QUITO - TUMBACO - PIFO,E28C,COLECTORA,27/02/2023,11:00:00,DE 11H00 A 11H59,11,LUNES,1,FEBRERO,2,NO,C09,CONDUCIR VEHÍCULO SUPERANDO LOS LÍMITES MÁXIMOS DE VELOCIDAD.,CHOQUE POSTERIOR,CAMIÓN,CUENTA PROPIA,1,0,0,1,0,0,0,0,0,0,0,0,0,2,CÉDULA,17,MUJER,LESIONADO,PASAJERO,NO,NO
2023,DMQ00246012023,0,0,DMQ,-0.077861,-78.435588,17,PICHINCHA,1701,QUITO,170155,CALDERON (CARAPUNGO),ABDON CALDERON Y CARLOS MANTILLA,ZONA 9,RURAL,ND,ND,ND,ND,12/1/2023,16:20:00,DE 16H00 A 16H59,16,JUEVES,4,ENERO,1,NO,C09,CONDUCIR VEHÍCULO SUPERANDO LOS LÍMITES MÁXIMOS DE VELOCIDAD.,ESTRELLAMIENTOS,CAMIÓN,CUENTA PROPIA,0,0,0,1,0,0,0,0,0,0,0,0,0,1,NO IDENTIFICADO,-1,NO IDENTIFICADO,NO IDENTIFICADO,CONDUCTOR,NO,NO
2023,DMQ00248012023,0,0,DMQ,-0.169899,-78.487151,17,PICHINCHA,1701,QUITO,170150,QUITO,JOSE ARIZAGA Y 10 DE AGOSTO,ZONA 9,URBANA,ND,ND,ND,ND,12/1/2023,19:05:00,DE 19H00 A 19H59,19,JUEVES,4,ENERO,1,NO,C10,"CONDICIONES AMBIENTALES Y/O ATMOSFÉRICAS (NIEBLA, NEBLINA, GRANIZO, LLUVIA).",CHOQUE LATERAL,CAMIÓN,CUENTA PROPIA,1,0,0,1,0,0,0,0,0,0,0,0,0,2,LICENCIA,22,HOMBRE,ILESO,CONDUCTOR,NO,NO
2023,DMQ00276012023,0,0,DMQ,-0.086692,-78.425599,17,PICHINCHA,1701,QUITO,170155,CALDERON (CARAPUNGO),SAUL QUEZADA Y EMILIO OBANDO,ZONA 9,RURAL,ND,ND,ND,ND,13/01/2023,18:45:00,DE 18H00 A 18H59,18,VIERNES,5,ENERO,1,NO,C25,NO CEDER EL DERECHO DE VÍA O PREFERENCIA DE PASO A VEHÍCULOS.,CHOQUE LATERAL,CAMIÓN,CUENTA PROPIA,1,0,0,1,0,0,0,0,0,0,0,0,0,2,LICENCIA,31,HOMBRE,ILESO,CONDUCTOR,NO,NO
2023,DMQ00331012023,0,0,DMQ,-0.310363,-78.556253,17,PICHINCHA,1701,QUITO,170150,QUITO,OE3K Y S46C,ZONA 9,URBANA,ND,ND,ND,ND,15/01/2023,20:20:00,DE 20H00 A 20H59,20,DOMINGO,7,ENERO,1,NO,C25,NO CEDER EL DERECHO DE VÍA O PREFERENCIA DE PASO A VEHÍCULOS.,CHOQUE LATERAL,CAMIÓN,CUENTA PROPIA,1,0,0,1,0,0,0,0,0,0,0,0,0,2,LICENCIA,35,HOMBRE,ILESO,CONDUCTOR,NO,NO
2023,DMQ00337012023,0,0,DMQ,-0.177121,-78.479721,17,PICHINCHA,1701,QUITO,170150,QUITO,NACIONES UNIDAS Y REPUBLICA DE EL SALVADOR,ZONA 9,URBANA,ND,ND,ND,ND,15/01/2023,23:30:00,DE 23H00 A 23H59,23,DOMINGO,7,ENERO,1,NO,C23,"NO RESPETAR LAS SEÑALES REGLAMENTARIAS DE TRÁNSITO. (PARE, CEDA EL PASO, LUZ ROJA DEL SEMAFORO, ETC).",CHOQUE LATERAL,CAMIÓN,CUENTA PROPIA,1,0,0,1,0,0,0,0,0,0,0,0,0,2,LICENCIA,83,HOMBRE,ILESO,CONDUCTOR,NO,NO
2023,DMQ00346012023,1,0,DMQ,-0.192339,-78.454381,17,PICHINCHA,1701,QUITO,170170,NAYON,SIMON BOLIVAR Y BIFURCACION DE LA AVENIDA OSWALDO GUAYASAMIN,ZONA 9,URBANA,ND,ND,ND,ND,16/01/2023,11:20:00,DE 11H00 A 11H59,11,LUNES,1,ENERO,1,NO,C09,CONDUCIR VEHÍCULO SUPERANDO LOS LÍMITES MÁXIMOS DE VELOCIDAD.,ESTRELLAMIENTOS,CAMIÓN,CUENTA PROPIA,1,0,0,1,0,0,0,0,0,0,0,0,0,2,CÉDULA,1,MUJER,LESIONADO,PASAJERO,NO,NO
2023,DMQ00368012023,0,0,DMQ,-0.237753,-78.483828,17,PICHINCHA,1701,QUITO,170150,QUITO,SIMON BOLIVAR Y AUTOPISTA GENERAL RUMIÑAHUI,ZONA 9,URBANA,ND,ND,ND,ND,17/01/2023,12:20:00,DE 12H00 A 12H59,12,MARTES,2,ENERO,1,NO,C11,NO MANTENER LA DISTANCIA PRUDENCIAL CON RESPECTO AL VEHÍCULO QUE LE ANTECEDE.,CHOQUE POSTERIOR,CAMIÓN,CUENTA PROPIA,1,0,0,1,0,0,0,0,0,0,0,0,0,2,LICENCIA,24,HOMBRE,ILESO,CONDUCTOR,NO,NO
2023,DMQ00379012023,0,0,DMQ,-0.302511,-78.560232,17,PICHINCHA,1701,QUITO,170150,QUITO,S41 Y FRANCISCO ATAHUALPA,ZONA 9,URBANA,ND,ND,ND,ND,18/01/2023,9:40:00,DE 09H00 A 09H59,9,MIÉRCOLES,3,ENERO,1,NO,C09,CONDUCIR VEHÍCULO SUPERANDO LOS LÍMITES MÁXIMOS DE VELOCIDAD.,ESTRELLAMIENTOS,CAMIÓN,CUENTA PROPIA,0,0,0,1,0,0,0,0,0,0,0,0,0,1,LICENCIA,65,HOMBRE,ILESO,CONDUCTOR,NO,NO
2023,DMQ00418012023,0,0,DMQ,-0.161834,-78.485808,17,PICHINCHA,1701,QUITO,170150,QUITO,10 DE AGOSTO Y PAPALLACTA,ZONA 9,URBANA,ND,ND,ND,ND,20/01/2023,15:15:00,DE 15H00 A 15H59,15,VIERNES,5,ENERO,1,NO,C23,"NO RESPETAR LAS SEÑALES REGLAMENTARIAS DE TRÁNSITO. (PARE, CEDA EL PASO, LUZ ROJA DEL SEMAFORO, ETC).",CHOQUE LATERAL,CAMIÓN,CUENTA PROPIA,0,0,0,1,1,0,0,0,0,0,0,0,0,2,LICENCIA,30,HOMBRE,ILESO,CONDUCTOR,NO,NO
2023,DMQ00633012023,0,0,DMQ,-0.302339,-78.533492,17,PICHINCHA,1701,QUITO,170150,QUITO,GONZALO PEREZ BUSTAMANTE Y E5F,ZONA 9,URBANA,ND,ND,ND,ND,30/01/2023,22:50:00,DE 22H00 A 22H59,22,LUNES,1,ENERO,1,NO,C09,CONDUCIR VEHÍCULO SUPERANDO LOS LÍMITES MÁXIMOS DE VELOCIDAD.,ESTRELLAMIENTOS,CAMIÓN,CUENTA PROPIA,1,0,0,1,0,0,0,0,0,0,0,0,0,2,LICENCIA,44,HOMBRE,ILESO,CONDUCTOR,NO,NO
2023,DMQ00640012023,0,0,DMQ,-0.150113,-78.454646,17,PICHINCHA,1701,QUITO,170150,QUITO,DE LAS PALMERAS Y SIMON BOLIVAR,ZONA 9,URBANA,ND,ND,ND,ND,31/01/2023,15:52:00,DE 15H00 A 15H59,15,MARTES,2,ENERO,1,NO,C09,CONDUCIR VEHÍCULO SUPERANDO LOS LÍMITES MÁXIMOS DE VELOCIDAD.,ESTRELLAMIENTOS,CAMIÓN,CUENTA PROPIA,1,0,0,1,0,0,0,0,0,0,0,0,0,2,LICENCIA,23,HOMBRE,ILESO,CONDUCTOR,NO,NO
2023,DMQ00002022023,0,1,DMQ,-0.302663,-78.521468,17,PICHINCHA,1701,QUITO,170150,QUITO,SIMON BOLIVAR Y INGRESO A SAN MARTIN,ZONA 9,URBANA,ND,ND,ND,ND,1/2/2023,1:00:00,DE 01H00 A 01H59,1,MIÉRCOLES,3,FEBRERO,2,NO,C26,NO CEDER EL DERECHO DE VÍA O PREFERENCIA DE PASO AL PEATÓN.,ATROPELLOS,CAMIÓN,CUENTA PROPIA,0,0,0,1,0,0,0,0,0,0,0,0,0,1,CÉDULA,29,HOMBRE,FALLECIDO,PEATÓN,NO,NO
2023,DMQ00085022023,1,0,DMQ,-0.299766,-78.542051,17,PICHINCHA,1701,QUITO,170150,QUITO,MALDONADO Y CONDOR ÑAN,ZONA 9,URBANA,ND,ND,ND,ND,4/2/2023,12:15:00,DE 12H00 A 12H59,12,SÁBADO,6,FEBRERO,2,NO,C27,PEATÓN QUE CRUZA LA CALZADA SIN RESPETAR LA SEÑALIZACIÓN EXISTENTE (SEMÁFOROS O SEÑALES MANUALES).,ATROPELLOS,CAMIÓN,CUENTA PROPIA,0,0,0,1,0,0,0,0,0,0,0,0,0,1,CÉDULA,16,HOMBRE,LESIONADO,PEATÓN,NO,NO
2023,DMQ00289022023,1,0,DMQ,-0.296094,-78.409309,17,PICHINCHA,1701,QUITO,170164,LA MERCED,CESAR ENRIQUE BALSECA Y LUIS RIVADENERIA,ZONA 9,RURAL,ND,ND,ND,ND,12/2/2023,21:00:00,DE 21H00 A 21H59,21,DOMINGO,7,FEBRERO,2,NO,C23,"NO RESPETAR LAS SEÑALES REGLAMENTARIAS DE TRÁNSITO. (PARE, CEDA EL PASO, LUZ ROJA DEL SEMAFORO, ETC).",CHOQUE LATERAL,CAMIÓN,CUENTA PROPIA,0,0,0,1,1,0,0,0,0,0,0,0,0,2,LICENCIA,28,HOMBRE,LESIONADO,CONDUCTOR,NO,NO
2023,DMQ00340022023,0,0,DMQ,-0.210361,-78.373645,17,PICHINCHA,1701,QUITO,170184,TUMBACO,JUAN LARREA Y SAN FRANCISCO DE LA TOLA GRANDE,ZONA 9,RURAL,ND,ND,ND,ND,15/02/2023,3:55:00,DE 03H00 A 03H59,3,MIÉRCOLES,3,FEBRERO,2,NO,C09,CONDUCIR VEHÍCULO SUPERANDO LOS LÍMITES MÁXIMOS DE VELOCIDAD.,ESTRELLAMIENTOS,CAMIÓN,CUENTA PROPIA,0,0,0,1,0,0,0,0,0,0,0,0,0,1,LICENCIA,29,MUJER,ILESO,CONDUCTOR,NO,NO
2023,DMQ00371022023,0,0,DMQ,-0.206549,-78.494422,17,PICHINCHA,1701,QUITO,170150,QUITO,REINA VICTORIA Y FRANCISCO ROBLES,ZONA 9,URBANA,ND,ND,ND,ND,16/02/2023,15:15:00,DE 15H00 A 15H59,15,JUEVES,4,FEBRERO,2,NO,C25,NO CEDER EL DERECHO DE VÍA O PREFERENCIA DE PASO A VEHÍCULOS.,CHOQUE LATERAL,CAMIONETA,CUENTA PROPIA,1,0,0,0,1,0,0,0,0,0,0,0,0,2,LICENCIA,48,HOMBRE,ILESO,CONDUCTOR,NO,NO
2023,DMQ00420022023,0,0,DMQ,-0.215414,-78.456751,17,PICHINCHA,1701,QUITO,170157,CUMBAYA,RUTA VIVA KILOMETRO 2 Y GUARANDA,ZONA 9,RURAL,ND,ND,ND,ND,17/02/2023,23:00:00,DE 23H00 A 23H59,23,VIERNES,5,FEBRERO,2,SI,C09,CONDUCIR VEHÍCULO SUPERANDO LOS LÍMITES MÁXIMOS DE VELOCIDAD.,ESTRELLAMIENTOS,CAMIÓN,CUENTA PROPIA,0,0,0,1,0,0,0,0,0,0,0,0,0,1,LICENCIA,36,HOMBRE,ILESO,CONDUCTOR,NO,NO
2023,DMQ00540022023,0,0,DMQ,-0.215279,-78.457048,17,PICHINCHA,1701,QUITO,170157,CUMBAYA,RUTA VIVA Y GUARANDA,ZONA 9,RURAL,ND,ND,ND,ND,22/02/2023,4:50:00,DE 04H00 A 04H59,4,MIÉRCOLES,3,FEBRERO,2,NO,C10,"CONDICIONES AMBIENTALES Y/O ATMOSFÉRICAS (NIEBLA, NEBLINA, GRANIZO, LLUVIA).",ESTRELLAMIENTOS,CAMIÓN,CUENTA PROPIA,0,0,0,1,0,0,0,0,0,0,0,0,0,1,LICENCIA,42,HOMBRE,ILESO,CONDUCTOR,NO,NO
2023,DMQ00602022023,0,0,DMQ,-0.343593,-78.561911,17,PICHINCHA,1701,QUITO,170150,QUITO,S59 Y TRANSVERSAL 11,ZONA 9,URBANA,ND,ND,ND,ND,25/02/2023,13:30:00,DE 13H00 A 13H59,13,SÁBADO,6,FEBRERO,2,NO,C25,NO CEDER EL DERECHO DE VÍA O PREFERENCIA DE PASO A VEHÍCULOS.,CHOQUE LATERAL,CAMIÓN,CUENTA PROPIA,0,0,0,1,1,0,0,0,0,0,0,0,0,2,LICENCIA,22,HOMBRE,ILESO,CONDUCTOR,NO,NO
2023,DMQ00647022023,1,0,DMQ,-0.221641,-78.351789,17,PICHINCHA,1701,QUITO,170175,PIFO,OSWALDO GUAYASAMIN Y E35,ZONA 9,RURAL,60,QUITO - TUMBACO - PIFO,E28C,COLECTORA,27/02/2023,11:00:00,DE 11H00 A 11H59,11,LUNES,1,FEBRERO,2,NO,C09,CONDUCIR VEHÍCULO SUPERANDO LOS LÍMITES MÁXIMOS DE VELOCIDAD.,CHOQUE POSTERIOR,CAMIÓN,CUENTA PROPIA,1,0,0,1,0,0,0,0,0,0,0,0,0,2,CÉDULA,17,MUJER,LESIONADO,PASAJERO,NO,NO
2023,DMQ00032032023,0,0,DMQ,-0.358339,-78.548973,17,PICHINCHA,1701,QUITO,170150,QUITO,MALDONADO Y E1,ZONA 9,URBANA,56,TAMBILLO - CUTUGLAGUA,56,COLECTORA,2/3/2023,15:30:00,DE 15H00 A 15H59,15,JUEVES,4,MARZO,3,NO,C23,"NO RESPETAR LAS SEÑALES REGLAMENTARIAS DE TRÁNSITO. (PARE, CEDA EL PASO, LUZ ROJA DEL SEMAFORO, ETC).",CHOQUE LATERAL,CAMIÓN,CUENTA PROPIA,1,0,0,1,0,0,0,0,0,0,0,0,0,2,LICENCIA,43,HOMBRE,ILESO,CONDUCTOR,NO,NO
2023,DMQ00033032023,0,0,DMQ,-0.238248,-78.484418,17,PICHINCHA,1701,QUITO,170150,QUITO,AUTOPISTA GENERAL RUMIÑAHUI Y SIMON BOLIVAR,ZONA 9,URBANA,ND,ND,ND,ND,2/3/2023,16:32:00,DE 16H00 A 16H59,16,JUEVES,4,MARZO,3,NO,C11,NO MANTENER LA DISTANCIA PRUDENCIAL CON RESPECTO AL VEHÍCULO QUE LE ANTECEDE.,CHOQUE POSTERIOR,FURGONETA,CUENTA PROPIA,1,0,0,0,0,0,0,1,0,0,0,0,0,2,LICENCIA,73,HOMBRE,ILESO,CONDUCTOR,NO,NO
2023,DMQ00049032023,0,0,DMQ,-0.102275,-78.477241,17,PICHINCHA,1701,QUITO,170150,QUITO,JOSE LARREA Y MARIANO CARDENAL,ZONA 9,URBANA,ND,ND,ND,ND,3/3/2023,14:20:00,DE 14H00 A 14H59,14,VIERNES,5,MARZO,3,NO,C23,"NO RESPETAR LAS SEÑALES REGLAMENTARIAS DE TRÁNSITO. (PARE, CEDA EL PASO, LUZ ROJA DEL SEMAFORO, ETC).",CHOQUE LATERAL,CAMIÓN,CUENTA PROPIA,0,0,0,1,0,0,0,1,0,0,0,0,0,2,LICENCIA,43,HOMBRE,ILESO,CONDUCTOR,NO,NO
2023,DMQ00050032023,1,0,DMQ,-0.206459,-78.370159,17,PICHINCHA,1701,QUITO,170179,PUEMBO,OSWALDO GUAYASAMIN Y RIO SAN PEDRO,ZONA 9,RURAL,60,QUITO - TUMBACO - PIFO,60,COLECTORA,3/3/2023,14:27:00,DE 14H00 A 14H59,14,VIERNES,5,MARZO,3,NO,C09,CONDUCIR VEHÍCULO SUPERANDO LOS LÍMITES MÁXIMOS DE VELOCIDAD.,CHOQUE FRONTAL,CAMIÓN,CUENTA PROPIA,0,0,0,2,0,0,0,0,0,0,0,0,0,2,LICENCIA,27,HOMBRE,LESIONADO,CONDUCTOR,NO,NO
2023,DMQ00089032023,0,0,DMQ,-0.225783,-78.429334,17,PICHINCHA,1701,QUITO,170184,TUMBACO,2 DE AGOSTO Y INTERVALLES,ZONA 9,RURAL,ND,ND,ND,ND,4/3/2023,10:25:00,DE 10H00 A 10H59,10,SÁBADO,6,MARZO,3,NO,C26,NO CEDER EL DERECHO DE VÍA O PREFERENCIA DE PASO AL PEATÓN.,ATROPELLOS,CAMIÓN,CUENTA PROPIA,1,0,0,1,0,0,0,0,0,0,0,0,0,2,CÉDULA,34,HOMBRE,ILESO,PEATÓN,NO,NO
2023,DMQ00096032023,1,0,DMQ,-0.140984,-78.500843,17,PICHINCHA,1701,QUITO,170150,QUITO,MARISCAL SUCRE Y CESAR VILLACRES,ZONA 9,URBANA,ND,ND,ND,ND,4/3/2023,16:40:00,DE 16H00 A 16H59,16,SÁBADO,6,MARZO,3,NO,C23,"NO RESPETAR LAS SEÑALES REGLAMENTARIAS DE TRÁNSITO. (PARE, CEDA EL PASO, LUZ ROJA DEL SEMAFORO, ETC).",CHOQUE LATERAL,CAMIÓN,CUENTA PROPIA,0,0,0,1,0,0,0,0,1,0,0,0,0,2,LICENCIA,19,HOMBRE,LESIONADO,CONDUCTOR,NO,NO