ANIO,SINIESTROS,LESIONADOS,FALLECIDOS,ENTE_DE_CONTROL,LATITUD_Y,LONGITUD_X,DPA_1,PROVINCIA,DPA_2,CANTON,DPA_3,PARROQUIA,DIRECCION,ZONA_PLANIFICACION,ZONA,ID_DE_LA_VIA,NOMBRE_DE_LA_VIA,UBICACION_DE_LA_VIA,JERARQUIA_DE_LA_VIA,FECHA,HORA,PERIODO_1,PERIODO_2,DIA_1,DIA_2,MES_1,MES_2,FERIADO,CODIGO_CAUSA,CAUSA_PROBABLE,TIPO_DE_SINIESTRO,TIPO_DE_VEHICULO_1,SERVICIO_1,AUTOMOVIL,BICICLETA,BUS,CAMION,CAMIONETA,EMERGENCIAS,ESPECIAL,FURGONETA,MOTOCICLETA,NO_IDENTIFICADO,SCOOTER_ELECTRICO,TRICIMOTO,VEHICULO_DEPORTIVO_UTILITARIO,SUMA_DE_VEHICULOS,TIPO_ID_1,EDAD_1,SEXO_1,CONDICION_1,PARTICIPANTE_1,CASCO_1,CINTURON_1
2023,DMQ00099032023,0,0,DMQ,-0.297886,-78.531157,17,PICHINCHA,1701,QUITO,170150,QUITO,GONZALO PEREZ BUSTAMANTE Y CALLE UNO,ZONA 9,URBANA,ND,ND,ND,ND,4/3/2023,17:07:00,DE 17H00 A 17H59,17,SÁBADO,6,MARZO,3,NO,C09,CONDUCIR VEHÍCULO SUPERANDO LOS LÍMITES MÁXIMOS DE VELOCIDAD.,ESTRELLAMIENTOS,CAMIÓN,CUENTA PROPIA,0,0,0,1,0,0,0,0,0,0,0,0,0,1,NO IDENTIFICADO,-1,NO IDENTIFICADO,NO IDENTIFICADO,CONDUCTOR,NO,NO
2023,DMQ00319032023,0,0,DMQ,-0.219557,-78.485541,17,PICHINCHA,1701,QUITO,170150,QUITO,ANTONIO DE SIERRA Y VERACRUZ,ZONA 9,URBANA,ND,ND,ND,ND,14/03/2023,9:00:00,DE 09H00 A 09H59,9,MARTES,2,MARZO,3,NO,C10,"CONDICIONES AMBIENTALES Y/O ATMOSFÉRICAS (NIEBLA, NEBLINA, GRANIZO, LLUVIA).",ESTRELLAMIENTOS,CAMIÓN,CUENTA PROPIA,2,0,0,1,0,0,0,0,0,0,0,0,0,3,LICENCIA,20,HOMBRE,ILESO,CONDUCTOR,NO,NO
2023,DMQ00344032023,2,0,DMQ,-0.124266,-78.480442,17,PICHINCHA,1701,QUITO,170150,QUITO,GALO PLAZA LASSO Y SABANILLA,ZONA 9,URBANA,ND,ND,ND,ND,16/03/2023,4:00:00,DE 04H00 A 04H59,4,JUEVES,4,MARZO,3,NO,C09,CONDUCIR VEHÍCULO SUPERANDO LOS LÍMITES MÁXIMOS DE VELOCIDAD.,ESTRELLAMIENTOS,CAMIÓN,CUENTA PROPIA,1,0,0,1,0,0,0,0,0,0,0,0,0,2,PASAPORTE,23,MUJER,LESIONADO,PASAJERO,NO,NO
2023,DMQ00429032023,0,0,DMQ,-0.327125,-78.519158,17,PICHINCHA,1701,QUITO,170150,QUITO,SIMON BOLIVAR Y CELIANO MONGE,ZONA 9,URBANA,ND,ND,ND,ND,19/03/2023,14:01:00,DE 14H00 A 14H59,14,DOMINGO,7,MARZO,3,NO,C11,NO MANTENER LA DISTANCIA PRUDENCIAL CON RESPECTO AL VEHÍCULO QUE LE ANTECEDE.,CHOQUE POSTERIOR,CAMIÓN,CUENTA PROPIA,1,0,0,1,0,0,0,0,0,0,0,0,0,2,LICENCIA,33,HOMBRE,ILESO,CONDUCTOR,NO,NO
2023,DMQ00501032023,4,0,DMQ,-0.162783,-78.478485,17,PICHINCHA,1701,QUITO,170150,QUITO,SHYRIS Y RIO COCA,ZONA 9,URBANA,ND,ND,ND,ND,24/03/2023,22:15:00,DE 22H00 A 22H59,22,VIERNES,5,MARZO,3,NO,C10,"CONDICIONES AMBIENTALES Y/O ATMOSFÉRICAS (NIEBLA, NEBLINA, GRANIZO, LLUVIA).",CHOQUE LATERAL,CAMIÓN,CUENTA PROPIA,1,0,0,1,0,0,0,0,0,0,0,0,0,2,CÉDULA,23,HOMBRE,LESIONADO,PASAJERO,NO,NO
2023,DMQ00599032023,0,0,DMQ,-0.101542,-78.486336,17,PICHINCHA,1701,QUITO,170150,QUITO,MARISCAL SUCRE Y JOSEFINA BARBA,ZONA 9,URBANA,ND,ND,ND,ND,30/03/2023,16:40:00,DE 16H00 A 16H59,16,JUEVES,4,MARZO,3,NO,C11,NO MANTENER LA DISTANCIA PRUDENCIAL CON RESPECTO AL VEHÍCULO QUE LE ANTECEDE.,CHOQUE POSTERIOR,CAMIÓN,CUENTA PROPIA,1,0,0,1,0,0,0,0,0,0,0,0,0,2,CÉDULA,8,HOMBRE,ILESO,PASAJERO,NO,NO
2023,DMQ00010012023,3,0,DMQ,-0.313137,-78.548095,17,PICHINCHA,1701,QUITO,170150,QUITO,MALDONADO Y S46F,ZONA 9,URBANA,ND,ND,ND,ND,1/1/2023,4:45:00,DE 04H00 A 04H59,4,domingo,7,ENERO,1,SI,C06,"CONDUCE BAJO LA INFLUENCIA DE ALCOHOL, SUSTANCIAS ESTUPEFACIENTES O PSICOTRÓPICAS Y/O MEDICAMENTOS.",CHOQUE POSTERIOR,AUTOMÓVIL,COMERCIAL,2,0,0,0,0,0,0,0,0,0,0,0,0,2,CÉDULA,33,HOMBRE,LESIONADO,PASAJERO,NO,NO
2023,DMQ00029012023,0,0,DMQ,-0.154062,-78.349699,17,PICHINCHA,1701,QUITO,170183,TABABELA,CONECTOR ALPACHACA Y DIAGONAL A LA ADUANA DEL AEROPUERTO,ZONA 9,RURAL,ND,ND,ND,ND,1/1/2023,15:30:00,DE 15H00 A 15H59,15,domingo,7,ENERO,1,SI,C10,"CONDICIONES AMBIENTALES Y/O ATMOSFÉRICAS (NIEBLA, NEBLINA, GRANIZO, LLUVIA).",ESTRELLAMIENTOS,AUTOMÓVIL,COMERCIAL,1,0,0,0,0,0,0,0,0,0,0,0,0,1,NO IDENTIFICADO,-1,NO IDENTIFICADO,NO IDENTIFICADO,CONDUCTOR,NO,NO
2023,DMQ00070012023,0,0,DMQ,-0.151961,-78.476493,17,PICHINCHA,1701,QUITO,170150,QUITO,6 DE DICIEMBRE Y SAMUEL FRITZ,ZONA 9,URBANA,ND,ND,ND,ND,3/1/2023,16:15:00,DE 16H00 A 16H59,16,martes,2,ENERO,1,NO,C23,"NO RESPETAR LAS SEÑALES REGLAMENTARIAS DE TRÁNSITO. (PARE, CEDA EL PASO, LUZ ROJA DEL SEMAFORO, ETC).",ESTRELLAMIENTOS,FURGONETA,COMERCIAL,0,0,0,0,1,0,0,1,0,0,0,0,0,2,LICENCIA,33,MUJER,ILESO,CONDUCTOR,NO,NO
2023,DMQ00080012023,0,0,DMQ,-0.254396,-78.522179,17,PICHINCHA,1701,QUITO,170150,QUITO,MALDONADO Y MORASPUNGO,ZONA 9,URBANA,ND,ND,ND,ND,4/1/2023,9:16:00,DE 09H00 A 09H59,9,miércoles,3,ENERO,1,NO,C09,CONDUCIR VEHÍCULO SUPERANDO LOS LÍMITES MÁXIMOS DE VELOCIDAD.,CHOQUE POSTERIOR,AUTOMÓVIL,COMERCIAL,2,0,0,0,0,0,0,0,0,0,0,0,0,2,LICENCIA,33,HOMBRE,ILESO,CONDUCTOR,NO,NO
2023,DMQ00114012023,0,0,DMQ,-0.263526,-78.487552,17,PICHINCHA,1701,QUITO,170156,CONOCOTO,IGNACIO LECUMBERRY Y NELA MARTINEZ,ZONA 9,RURAL,ND,ND,ND,ND,6/1/2023,14:45:00,DE 14H00 A 14H59,14,viernes,5,ENERO,1,NO,C09,CONDUCIR VEHÍCULO SUPERANDO LOS LÍMITES MÁXIMOS DE VELOCIDAD.,ESTRELLAMIENTOS,FURGONETA,COMERCIAL,0,0,0,0,0,0,0,1,0,0,0,0,0,1,LICENCIA,21,HOMBRE,ILESO,CONDUCTOR,NO,NO
2023,DMQ00132012023,1,0,DMQ,-0.104669,-78.453862,17,PICHINCHA,1701,QUITO,170155,CALDERON (CARAPUNGO),PADRE LUIS VACCARI Y GIOVANNI CALLES,ZONA 9,RURAL,ND,ND,ND,ND,7/1/2023,4:15:00,DE 04H00 A 04H59,4,sábado,6,ENERO,1,NO,C23,"NO RESPETAR LAS SEÑALES REGLAMENTARIAS DE TRÁNSITO. (PARE, CEDA EL PASO, LUZ ROJA DEL SEMAFORO, ETC).",CHOQUE LATERAL,AUTOMÓVIL,COMERCIAL,2,0,0,0,0,0,0,0,0,0,0,0,0,2,CÉDULA,58,MUJER,LESIONADO,PASAJERO,NO,NO
2023,DMQ00192012023,0,0,DMQ,-0.308469,-78.544927,17,PICHINCHA,1701,QUITO,170150,QUITO,MALDONADO Y S44,ZONA 9,URBANA,ND,ND,ND,ND,9/1/2023,20:12:00,DE 20H00 A 20H59,20,lunes,1,ENERO,1,NO,C06,"CONDUCE BAJO LA INFLUENCIA DE ALCOHOL, SUSTANCIAS ESTUPEFACIENTES O PSICOTRÓPICAS Y/O MEDICAMENTOS.",ESTRELLAMIENTOS,AUTOMÓVIL,COMERCIAL,1,0,0,0,0,0,0,0,0,0,0,0,0,1,LICENCIA,66,HOMBRE,ILESO,CONDUCTOR,NO,NO
2023,DMQ00229012023,0,0,DMQ,-0.244401,-78.506001,17,PICHINCHA,1701,QUITO,170150,QUITO,JUAN BAUTISTA AGUIRRE Y PASAJE DIAGONAL AL SUBCENTRO DE SALUD PIO XII,ZONA 9,URBANA,ND,ND,ND,ND,12/1/2023,2:15:00,DE 02H00 A 02H59,2,jueves,4,ENERO,1,NO,C19,REALIZAR CAMBIO BRUSCO O INDEBIDO DE CARRIL.,CHOQUE FRONTAL,FURGONETA,COMERCIAL,1,0,0,0,0,0,0,1,0,0,0,0,0,2,CÉDULA,52,HOMBRE,ILESO,PASAJERO,NO,NO
2023,DMQ00266012023,1,0,DMQ,-0.162113,-78.482296,17,PICHINCHA,1701,QUITO,170150,QUITO,RIO COCA Y ISLA ISABELA,ZONA 9,URBANA,ND,ND,ND,ND,13/01/2023,12:00:00,DE 12H00 A 12H59,12,viernes,5,ENERO,1,NO,C16,NO TRANSITAR POR LAS ACERAS O ZONAS DE SEGURIDAD DESTINADAS PARA EL EFECTO.,ATROPELLOS,AUTOMÓVIL,COMERCIAL,1,0,0,0,0,0,0,0,0,0,0,0,0,1,CÉDULA,17,MUJER,LESIONADO,PEATÓN,NO,NO
2023,DMQ00512012023,2,0,DMQ,-0.129315,-78.481169,17,PICHINCHA,1701,QUITO,170150,QUITO,GALO PLAZA LASSO Y LUIS TUFIÑO,ZONA 9,URBANA,ND,ND,ND,ND,24/01/2023,23:35:00,DE 23H00 A 23H59,23,martes,2,ENERO,1,NO,C11,NO MANTENER LA DISTANCIA PRUDENCIAL CON RESPECTO AL VEHÍCULO QUE LE ANTECEDE.,CHOQUE POSTERIOR,AUTOMÓVIL,COMERCIAL,2,0,0,0,0,0,0,0,0,0,0,0,0,2,LICENCIA,29,HOMBRE,LESIONADO,CONDUCTOR,NO,NO
2023,DMQ00529012023,0,0,DMQ,-0.212362,-78.514469,17,PICHINCHA,1701,QUITO,170150,QUITO,FRAY JOSE YEPEZ Y RIO CENEPA,ZONA 9,URBANA,ND,ND,ND,ND,26/01/2023,8:30:00,DE 08H00 A 08H59,8,jueves,4,ENERO,1,NO,C23,"NO RESPETAR LAS SEÑALES REGLAMENTARIAS DE TRÁNSITO. (PARE, CEDA EL PASO, LUZ ROJA DEL SEMAFORO, ETC).",CHOQUE FRONTAL,AUTOMÓVIL,COMERCIAL,2,0,0,0,0,0,0,0,0,0,0,0,0,2,LICENCIA,67,HOMBRE,ILESO,CONDUCTOR,NO,NO
2023,DMQ00639012023,0,0,DMQ,-0.202359,-78.491995,17,PICHINCHA,1701,QUITO,170150,QUITO,JUAN LEON MERA Y JOAQUIN PINTO,ZONA 9,URBANA,ND,ND,ND,ND,31/01/2023,9:25:00,DE 09H00 A 09H59,9,martes,2,ENERO,1,NO,C09,CONDUCIR VEHÍCULO SUPERANDO LOS LÍMITES MÁXIMOS DE VELOCIDAD.,ESTRELLAMIENTOS,AUTOMÓVIL,COMERCIAL,1,0,0,0,0,0,0,0,0,0,0,0,0,1,NO IDENTIFICADO,-1,NO IDENTIFICADO,NO IDENTIFICADO,CONDUCTOR,NO,NO
2023,DMQ00010012023,3,0,DMQ,-0.313137,-78.548095,17,PICHINCHA,1701,QUITO,170150,QUITO,MALDONADO Y S46F,ZONA 9,URBANA,ND,ND,ND,ND,1/1/2023,4:45:00,DE 04H00 A 04H59,4,DOMINGO,7,ENERO,1,SI,C06,"CONDUCE BAJO LA INFLUENCIA DE ALCOHOL, SUSTANCIAS ESTUPEFACIENTES O PSICOTRÓPICAS Y/O MEDICAMENTOS.",CHOQUE POSTERIOR,AUTOMÓVIL,COMERCIAL,2,0,0,0,0,0,0,0,0,0,0,0,0,2,CÉDULA,33,HOMBRE,LESIONADO,PASAJERO,NO,NO
2023,DMQ00029012023,0,0,DMQ,-0.154062,-78.349699,17,PICHINCHA,1701,QUITO,170183,TABABELA,CONECTOR ALPACHACA Y DIAGONAL A LA ADUANA DEL AEROPUERTO,ZONA 9,RURAL,ND,ND,ND,ND,1/1/2023,15:30:00,DE 15H00 A 15H59,15,DOMINGO,7,ENERO,1,SI,C10,"CONDICIONES AMBIENTALES Y/O ATMOSFÉRICAS (NIEBLA, NEBLINA, GRANIZO, LLUVIA).",ESTRELLAMIENTOS,AUTOMÓVIL,COMERCIAL,1,0,0,0,0,0,0,0,0,0,0,0,0,1,NO IDENTIFICADO,-1,NO IDENTIFICADO,NO IDENTIFICADO,CONDUCTOR,NO,NO
2023,DMQ00070012023,0,0,DMQ,-0.151961,-78.476493,17,PICHINCHA,1701,QUITO,170150,QUITO,6 DE DICIEMBRE Y SAMUEL FRITZ,ZONA 9,URBANA,ND,ND,ND,ND,3/1/2023,16:15:00,DE 16H00 A 16H59,16,MARTES,2,ENERO,1,NO,C23,"NO RESPETAR LAS SEÑALES REGLAMENTARIAS DE TRÁNSITO. (PARE, CEDA EL PASO, LUZ ROJA DEL SEMAFORO, ETC).",ESTRELLAMIENTOS,FURGONETA,COMERCIAL,0,0,0,0,1,0,0,1,0,0,0,0,0,2,LICENCIA,33,MUJER,ILESO,CONDUCTOR,NO,NO
2023,DMQ00080012023,0,0,DMQ,-0.254396,-78.522179,17,PICHINCHA,1701,QUITO,170150,QUITO,MALDONADO Y MORASPUNGO,ZONA 9,URBANA,ND,ND,ND,ND,4/1/2023,9:16:00,DE 09H00 A 09H59,9,MIÉRCOLES,3,ENERO,1,NO,C09,CONDUCIR VEHÍCULO SUPERANDO LOS LÍMITES MÁXIMOS DE VELOCIDAD.,CHOQUE POSTERIOR,AUTOMÓVIL,COMERCIAL,2,0,0,0,0,0,0,0,0,0,0,0,0,2,LICENCIA,33,HOMBRE,ILESO,CONDUCTOR,NO,NO
2023,DMQ00114012023,0,0,DMQ,-0.263526,-78.487552,17,PICHINCHA,1701,QUITO,170156,CONOCOTO,IGNACIO LECUMBERRY Y NELA MARTINEZ,ZONA 9,RURAL,ND,ND,ND,ND,6/1/2023,14:45:00,DE 14H00 A 14H59,14,VIERNES,5,ENERO,1,NO,C09,CONDUCIR VEHÍCULO SUPERANDO LOS LÍMITES MÁXIMOS DE VELOCIDAD.,ESTRELLAMIENTOS,FURGONETA,COMERCIAL,0,0,0,0,0,0,0,1,0,0,0,0,0,1,LICENCIA,21,HOMBRE,ILESO,CONDUCTOR,NO,NO
2023,DMQ00132012023,1,0,DMQ,-0.104669,-78.453862,17,PICHINCHA,1701,QUITO,170155,CALDERON (CARAPUNGO),PADRE LUIS VACCARI Y GIOVANNI CALLES,ZONA 9,RURAL,ND,ND,ND,ND,7/1/2023,4:15:00,DE 04H00 A 04H59,4,SÁBADO,6,ENERO,1,NO,C23,"NO RESPETAR LAS SEÑALES REGLAMENTARIAS DE TRÁNSITO. (PARE, CEDA EL PASO, LUZ ROJA DEL SEMAFORO, ETC).",CHOQUE LATERAL,AUTOMÓVIL,COMERCIAL,2,0,0,0,0,0,0,0,0,0,0,0,0,2,CÉDULA,58,MUJER,LESIONADO,PASAJERO,NO,NO
2023,DMQ00192012023,0,0,DMQ,-0.308469,-78.544927,17,PICHINCHA,1701,QUITO,170150,QUITO,MALDONADO Y S44,ZONA 9,URBANA,ND,ND,ND,ND,9/1/2023,20:12:00,DE 20H00 A 20H59,20,LUNES,1,ENERO,1,NO,C06,"CONDUCE BAJO LA INFLUENCIA DE ALCOHOL, SUSTANCIAS ESTUPEFACIENTES O PSICOTRÓPICAS Y/O MEDICAMENTOS.",ESTRELLAMIENTOS,AUTOMÓVIL,COMERCIAL,1,0,0,0,0,0,0,0,0,0,0,0,0,1,LICENCIA,66,HOMBRE,ILESO,CONDUCTOR,NO,NO
2023,DMQ00229012023,0,0,DMQ,-0.244401,-78.506001,17,PICHINCHA,1701,QUITO,170150,QUITO,JUAN BAUTISTA AGUIRRE Y PASAJE DIAGONAL AL SUBCENTRO DE SALUD PIO XII,ZONA 9,URBANA,ND,ND,ND,ND,12/1/2023,2:15:00,DE 02H00 A 02H59,2,JUEVES,4,ENERO,1,NO,C19,REALIZAR CAMBIO BRUSCO O INDEBIDO DE CARRIL.,CHOQUE FRONTAL,FURGONETA,COMERCIAL,1,0,0,0,0,0,0,1,0,0,0,0,0,2,CÉDULA,52,HOMBRE,ILESO,PASAJERO,NO,NO
2023,DMQ00266012023,1,0,DMQ,-0.162113,-78.482296,17,PICHINCHA,1701,QUITO,170150,QUITO,RIO COCA Y ISLA ISABELA,ZONA 9,URBANA,ND,ND,ND,ND,13/01/2023,12:00:00,DE 12H00 A 12H59,12,VIERNES,5,ENERO,1,NO,C16,NO TRANSITAR POR LAS ACERAS O ZONAS DE SEGURIDAD DESTINADAS PARA EL EFECTO.,ATROPELLOS,AUTOMÓVIL,COMERCIAL,1,0,0,0,0,0,0,0,0,0,0,0,0,1,CÉDULA,17,MUJER,LESIONADO,PEATÓN,NO,NO
2023,DMQ00512012023,2,0,DMQ,-0.129315,-78.481169,17,PICHINCHA,1701,QUITO,170150,QUITO,GALO PLAZA LASSO Y LUIS TUFIÑO,ZONA 9,URBANA,ND,ND,ND,ND,24/01/2023,23:35:00,DE 23H00 A 23H59,23,MARTES,2,ENERO,1,NO,C11,NO MANTENER LA DISTANCIA PRUDENCIAL CON RESPECTO AL VEHÍCULO QUE LE ANTECEDE.,CHOQUE POSTERIOR,AUTOMÓVIL,COMERCIAL,2,0,0,0,0,0,0,0,0,0,0,0,0,2,LICENCIA,29,HOMBRE,LESIONADO,CONDUCTOR,NO,NO
2023,DMQ00529012023,0,0,DMQ,-0.212362,-78.514469,17,PICHINCHA,1701,QUITO,170150,QUITO,FRAY JOSE YEPEZ Y RIO CENEPA,ZONA 9,URBANA,ND,ND,ND,ND,26/01/2023,8:30:00,DE 08H00 A 08H59,8,JUEVES,4,ENERO,1,NO,C23,"NO RESPETAR LAS SEÑALES REGLAMENTARIAS DE TRÁNSITO. (PARE, CEDA EL PASO, LUZ ROJA DEL SEMAFORO, ETC).",CHOQUE FRONTAL,AUTOMÓVIL,COMERCIAL,2,0,0,0,0,0,0,0,0,0,0,0,0,2,LICENCIA,67,HOMBRE,ILESO,CONDUCTOR,NO,NO
2023,DMQ00639012023,0,0,DMQ,-0.202359,-78.491995,17,PICHINCHA,1701,QUITO,170150,QUITO,JUAN LEON MERA Y JOAQUIN PINTO,ZONA 9,URBANA,ND,ND,ND,ND,31/01/2023,9:25:00,DE 09H00 A 09H59,9,MARTES,2,ENERO,1,NO,C09,CONDUCIR VEHÍCULO SUPERANDO LOS LÍMITES MÁXIMOS DE VELOCIDAD.,ESTRELLAMIENTOS,AUTOMÓVIL,COMERCIAL,1,0,0,0,0,0,0,0,0,0,0,0,0,1,NO IDENTIFICADO,-1,NO IDENTIFICADO,NO IDENTIFICADO,CONDUCTOR,NO,NO
2023,DMQ00209022023,1,0,DMQ,-0.097493,-78.453261,17,PICHINCHA,1701,QUITO,170155,CALDERON (CARAPUNGO),PADRE LUIS VACCARI Y RIO GUAYAS,ZONA 9,RURAL,ND,ND,ND,ND,9/2/2023,14:40:00,DE 14H00 A 14H59,14,JUEVES,4,FEBRERO,2,NO,C27,PEATÓN QUE CRUZA LA CALZADA SIN RESPETAR LA SEÑALIZACIÓN EXISTENTE (SEMÁFOROS O SEÑALES MANUALES).,ATROPELLOS,FURGONETA,COMERCIAL,0,0,0,0,0,0,0,1,0,0,0,0,0,1,CÉDULA,11,HOMBRE,LESIONADO,PEATÓN,NO,NO
2023,DMQ00219022023,1,1,DMQ,-0.207584,-78.503128,17,PICHINCHA,1701,QUITO,170150,QUITO,AMERICA Y CARACAS,ZONA 9,URBANA,ND,ND,ND,ND,10/2/2023,7:30:00,DE 07H00 A 07H59,7,VIERNES,5,FEBRERO,2,NO,C09,CONDUCIR VEHÍCULO SUPERANDO LOS LÍMITES MÁXIMOS DE VELOCIDAD.,ATROPELLOS,AUTOMÓVIL,COMERCIAL,2,0,0,0,0,0,0,0,0,0,0,0,0,2,CÉDULA,75,MUJER,FALLECIDO,PEATÓN,NO,NO
2023,MEP00227022023,0,0,MEP,0.048546,-78.200871,17,PICHINCHA,1704,PEDRO MONCAYO,170450,TABACUNDO,CALLE 23 DE NOVIEMBRE EL PIMAN,ZONA 2,RURAL,69,TABACUNDO - CAJAS,E282,COLECTORA,10/2/2023,11:30:00,DE 11H00 A 11H59,11,VIERNES,5,FEBRERO,2,NO,C23,"NO RESPETAR LAS SEÑALES REGLAMENTARIAS DE TRÁNSITO. (PARE, CEDA EL PASO, LUZ ROJA DEL SEMAFORO, ETC).",CHOQUE FRONTAL,CAMIÓN,COMERCIAL,0,0,0,1,1,0,0,0,0,0,0,0,0,2,LICENCIA,39,HOMBRE,ILESO,CONDUCTOR,NO,SI
2023,DMQ00262022023,0,0,DMQ,-0.133443,-78.494057,17,PICHINCHA,1701,QUITO,170150,QUITO,PRENSA Y FERNANDEZ SALVADOR,ZONA 9,URBANA,ND,ND,ND,ND,12/2/2023,0:01:00,DE 00H00 A 00H59,0,DOMINGO,7,FEBRERO,2,NO,C25,NO CEDER EL DERECHO DE VÍA O PREFERENCIA DE PASO A VEHÍCULOS.,CHOQUE LATERAL,AUTOMÓVIL,COMERCIAL,2,0,0,0,0,0,0,0,0,0,0,0,0,2,LICENCIA,48,HOMBRE,ILESO,CONDUCTOR,NO,NO
2023,DMQ00296022023,0,0,DMQ,-0.295114,-78.548844,17,PICHINCHA,1701,QUITO,170150,QUITO,QUITUMBE ÑAN Y PACHAMAMA,ZONA 9,URBANA,ND,ND,ND,ND,13/02/2023,6:30:00,DE 06H00 A 06H59,6,LUNES,1,FEBRERO,2,NO,C11,NO MANTENER LA DISTANCIA PRUDENCIAL CON RESPECTO AL VEHÍCULO QUE LE ANTECEDE.,CHOQUE POSTERIOR,FURGONETA,COMERCIAL,1,0,0,0,0,0,0,1,0,0,0,0,0,2,LICENCIA,69,HOMBRE,ILESO,CONDUCTOR,NO,NO
2023,DMQ00314022023,0,0,DMQ,-0.292722,-78.488123,17,PICHINCHA,1701,QUITO,170156,CONOCOTO,MIGUEL RIOFRIO Y OE4B,ZONA 9,RURAL,ND,ND,ND,ND,14/02/2023,1:15:00,DE 01H00 A 01H59,1,MARTES,2,FEBRERO,2,NO,C03,"CONDUCIR EN ESTADO DE SOMNOLENCIA O MALAS CONDICIONES FÍSICAS (SUEÑO, CANSANCIO Y FATIGA).",ESTRELLAMIENTOS,AUTOMÓVIL,COMERCIAL,1,0,0,0,0,0,0,0,0,0,0,0,0,1,NO IDENTIFICADO,-1,NO IDENTIFICADO,NO IDENTIFICADO,CONDUCTOR,NO,NO
2023,DMQ00316022023,1,0,DMQ,-0.144421,-78.483474,17,PICHINCHA,1701,QUITO,170150,QUITO,GALO PLAZA LASSO Y JOSE RAFAEL BUSTAMANTE,ZONA 9,URBANA,ND,ND,ND,ND,14/02/2023,6:15:00,DE 06H00 A 06H59,6,MARTES,2,FEBRERO,2,NO,C27,PEATÓN QUE CRUZA LA CALZADA SIN RESPETAR LA SEÑALIZACIÓN EXISTENTE (SEMÁFOROS O SEÑALES MANUALES).,ATROPELLOS,BUS,COMERCIAL,0,0,1,0,0,0,0,0,0,0,0,0,0,1,CÉDULA,17,HOMBRE,LESIONADO,PEATÓN,NO,NO
2023,DMQ00325022023,1,0,DMQ,-0.213153,-78.504064,17,PICHINCHA,1701,QUITO,170150,QUITO,JUAN LARREA Y ARENAS,ZONA 9,URBANA,ND,ND,ND,ND,14/02/2023,16:15:00,DE 16H00 A 16H59,16,MARTES,2,FEBRERO,2,NO,C06,"CONDUCE BAJO LA INFLUENCIA DE ALCOHOL, SUSTANCIAS ESTUPEFACIENTES O PSICOTRÓPICAS Y/O MEDICAMENTOS.",ATROPELLOS,AUTOMÓVIL,COMERCIAL,1,0,0,0,0,0,0,0,0,0,0,0,0,1,CÉDULA,73,HOMBRE,LESIONADO,PEATÓN,NO,NO
2023,DMQ00334022023,1,0,DMQ,-0.092291,-78.433827,17,PICHINCHA,1701,QUITO,170155,CALDERON (CARAPUNGO),GIOVANNI CALLES Y ALAVA,ZONA 9,RURAL,ND,ND,ND,ND,14/02/2023,20:30:00,DE 20H00 A 20H59,20,MARTES,2,FEBRERO,2,NO,C27,PEATÓN QUE CRUZA LA CALZADA SIN RESPETAR LA SEÑALIZACIÓN EXISTENTE (SEMÁFOROS O SEÑALES MANUALES).,ATROPELLOS,FURGONETA,COMERCIAL,0,0,0,0,0,0,0,1,0,0,0,0,0,1,CÉDULA,76,HOMBRE,LESIONADO,PEATÓN,NO,NO
2023,DMQ00354022023,1,0,DMQ,-0.194521,-78.500031,17,PICHINCHA,1701,QUITO,170150,QUITO,JUAN DE SOSAYA Y RUIZ DE CASTILLA,ZONA 9,URBANA,ND,ND,ND,ND,15/02/2023,18:30:00,DE 18H00 A 18H59,18,MIÉRCOLES,3,FEBRERO,2,NO,C25,NO CEDER EL DERECHO DE VÍA O PREFERENCIA DE PASO A VEHÍCULOS.,CHOQUE LATERAL,FURGONETA,COMERCIAL,1,0,0,0,0,0,0,1,0,0,0,0,0,2,NO IDENTIFICADO,6,HOMBRE,LESIONADO,PASAJERO,NO,NO
2023,DMQ00610022023,0,0,DMQ,-0.088941,-78.456087,17,PICHINCHA,1701,QUITO,170150,QUITO,SIMON BOLIVAR Y JAVIER ESPINOZA,ZONA 9,URBANA,ND,ND,ND,ND,25/02/2023,21:45:00,DE 21H00 A 21H59,21,SÁBADO,6,FEBRERO,2,NO,C06,"CONDUCE BAJO LA INFLUENCIA DE ALCOHOL, SUSTANCIAS ESTUPEFACIENTES O PSICOTRÓPICAS Y/O MEDICAMENTOS.",CHOQUE FRONTAL,AUTOMÓVIL,COMERCIAL,2,0,0,0,0,0,0,0,0,0,0,0,0,2,LICENCIA,58,HOMBRE,ILESO,CONDUCTOR,NO,NO
2023,DMQ00625022023,0,0,DMQ,-0.089019,-78.467352,17,PICHINCHA,1701,QUITO,170150,QUITO,PEDRO VELASCO Y ISIDRO AYORA,ZONA 9,URBANA,ND,ND,ND,ND,26/02/2023,10:00:00,DE 10H00 A 10H59,10,DOMINGO,7,FEBRERO,2,NO,C23,"NO RESPETAR LAS SEÑALES REGLAMENTARIAS DE TRÁNSITO. (PARE, CEDA EL PASO, LUZ ROJA DEL SEMAFORO, ETC).",CHOQUE LATERAL,AUTOMÓVIL,COMERCIAL,2,0,0,0,0,0,0,0,0,0,0,0,0,2,LICENCIA,53,MUJER,ILESO,CONDUCTOR,NO,NO